train1QuestAdvance.keys,train1QuestAdvance.rt,train1Response.keys,train1Response.rt,blocktest1.thisRepN,blocktest1.thisTrialN,blocktest1.thisN,blocktest1.thisIndex,blocktest1.ran,audioTrue,imageTrue,audioFalse,imageFalse,truePos,falsePos,participant,session,date,expName,psychopyVersion,OS,frameRate,train1blocks.thisRepN,train1blocks.thisTrialN,train1blocks.thisN,train1blocks.thisIndex,train1blocks.ran,condFiles,testFiles,skipTrain2Instr.keys,train2QuestAdvance.keys,train2Response.keys,train2Response.rt,blocktest2.thisRepN,blocktest2.thisTrialN,blocktest2.thisN,blocktest2.thisIndex,blocktest2.ran,train2blocks.thisRepN,train2blocks.thisTrialN,train2blocks.thisN,train2blocks.thisIndex,train2blocks.ran,train2QuestAdvance.rt,skipTest1Instr.keys,skipTest1Instr.rt,test1Response.keys,test1Response.rt,test1Loop.thisRepN,test1Loop.thisTrialN,test1Loop.thisN,test1Loop.thisIndex,test1Loop.ran,firstAudio,secondAudio,imageLoc,whichAudio,skipTest2Instr.keys,skipTest2Instr.rt,test2Response.keys,test2Response.rt,test2Loop.thisRepN,test2Loop.thisTrialN,test2Loop.thisN,test2Loop.thisIndex,test2Loop.ran,skipTest3Instr.keys,skipTest3Instr.rt,test3Response.keys,test3Response.rt,test3Loop.thisRepN,test3Loop.thisTrialN,test3Loop.thisN,test3Loop.thisIndex,test3Loop.ran,skipPostTestInstr.keys,skipPostTestInstr.rt,postTestResponse.keys,postTestResponse.rt,postTestLoop.thisRepN,postTestLoop.thisTrialN,postTestLoop.thisN,postTestLoop.thisIndex,postTestLoop.ran,audioA,audioX,audioB,correctLabel,quit.keys,quit.rt
d,0.66368,f,0.92975,0,0,0,0,1,trainingaudio/01_kitipi1.wav,pngimages/01_gift.png,trainingaudio/17_kotako2.wav,pngimages/17_cracker.png,-0.5,0.5,test,001,2020-08-08_11h15.29.823,condition1,2020.1.3,Win32,60,,,,,,,,,,,,,,,,,,,,,,,,,,,,,,,,,,,,,,,,,,,,,,,,,,,,,,,,,,,,,,,,,,,,
,,,,,,,,,,,,,,,test,001,2020-08-08_11h15.29.823,condition1,2020.1.3,Win32,60,0,0,0,0,1,aoiConditions/train1Block1.xlsx,aoiConditions/train1Block1Test.xlsx,,,,,,,,,,,,,,,,,,,,,,,,,,,,,,,,,,,,,,,,,,,,,,,,,,,,,,,,,,,,,
d,0.54522,f,0.250205,0,0,0,0,1,trainingaudio/24_takopa1.wav,pngimages/24_banana.png,trainingaudio/03_kikita3.wav,pngimages/03_box.png,-0.5,0.5,test,001,2020-08-08_11h15.29.823,condition1,2020.1.3,Win32,60,,,,,,,,,,,,,,,,,,,,,,,,,,,,,,,,,,,,,,,,,,,,,,,,,,,,,,,,,,,,,,,,,,,,
,,,,,,,,,,,,,,,test,001,2020-08-08_11h15.29.823,condition1,2020.1.3,Win32,60,0,1,1,1,1,aoiConditions/train1Block2.xlsx,aoiConditions/train1Block2Test.xlsx,,,,,,,,,,,,,,,,,,,,,,,,,,,,,,,,,,,,,,,,,,,,,,,,,,,,,,,,,,,,,
d,0.519085,f,0.61182,0,0,0,0,1,trainingaudio/27_pakapa1.wav,pngimages/27_kiwi.png,trainingaudio/07_pitapi2.wav,pngimages/07_suitcase.png,-0.5,0.5,test,001,2020-08-08_11h15.29.823,condition1,2020.1.3,Win32,60,,,,,,,,,,,,,,,,,,,,,,,,,,,,,,,,,,,,,,,,,,,,,,,,,,,,,,,,,,,,,,,,,,,,
,,,,,,,,,,,,,,,test,001,2020-08-08_11h15.29.823,condition1,2020.1.3,Win32,60,0,2,2,2,1,aoiConditions/train1Block3.xlsx,aoiConditions/train1Block3Test.xlsx,,,,,,,,,,,,,,,,,,,,,,,,,,,,,,,,,,,,,,,,,,,,,,,,,,,,,,,,,,,,,
d,0.39489,j,0.9378,0,0,0,0,1,trainingaudio/08_tipako2.wav,pngimages/08_bell.png,trainingaudio/12_pokika3.wav,pngimages/12_pie.png,-0.5,0.5,test,001,2020-08-08_11h15.29.823,condition1,2020.1.3,Win32,60,,,,,,,,,,,,,,,,,,,,,,,,,,,,,,,,,,,,,,,,,,,,,,,,,,,,,,,,,,,,,,,,,,,,
,,,,,,,,,,,,,,,test,001,2020-08-08_11h15.29.823,condition1,2020.1.3,Win32,60,0,3,3,3,1,aoiConditions/train1Block4.xlsx,aoiConditions/train1Block4Test.xlsx,,,,,,,,,,,,,,,,,,,,,,,,,,,,,,,,,,,,,,,,,,,,,,,,,,,,,,,,,,,,,
d,0.467535,j,0.1279,0,0,0,0,1,trainingaudio/26_kapako1.wav,pngimages/26_pineapple.png,trainingaudio/05_titopo2.wav,pngimages/05_megaphone.png,0.5,-0.5,test,001,2020-08-08_11h15.29.823,condition1,2020.1.3,Win32,60,,,,,,,,,,,,,,,,,,,,,,,,,,,,,,,,,,,,,,,,,,,,,,,,,,,,,,,,,,,,,,,,,,,,
,,,,,,,,,,,,,,,test,001,2020-08-08_11h15.29.823,condition1,2020.1.3,Win32,60,0,4,4,4,1,aoiConditions/train1Block5.xlsx,aoiConditions/train1Block5Test.xlsx,,,,,,,,,,,,,,,,,,,,,,,,,,,,,,,,,,,,,,,,,,,,,,,,,,,,,,,,,,,,,
d,0.30556,j,0.001325,0,0,0,0,1,trainingaudio/18_popata2.wav,pngimages/18_donut.png,trainingaudio/13_kopopi1.wav,pngimages/13_toast.png,0.5,-0.5,test,001,2020-08-08_11h15.29.823,condition1,2020.1.3,Win32,60,,,,,,,,,,,,,,,,,,,,,,,,,,,,,,,,,,,,,,,,,,,,,,,,,,,,,,,,,,,,,,,,,,,,
,,,,,,,,,,,,,,,test,001,2020-08-08_11h15.29.823,condition1,2020.1.3,Win32,60,0,5,5,5,1,aoiConditions/train1Block6.xlsx,aoiConditions/train1Block6Test.xlsx,,,,,,,,,,,,,,,,,,,,,,,,,,,,,,,,,,,,,,,,,,,,,,,,,,,,,,,,,,,,,
d,0.255535,f,0.646105,0,0,0,0,1,trainingaudio/21_papika1.wav,pngimages/21_cheese.png,trainingaudio/19_papipi1.wav,pngimages/19_burger.png,-0.5,0.5,test,001,2020-08-08_11h15.29.823,condition1,2020.1.3,Win32,60,,,,,,,,,,,,,,,,,,,,,,,,,,,,,,,,,,,,,,,,,,,,,,,,,,,,,,,,,,,,,,,,,,,,
,,,,,,,,,,,,,,,test,001,2020-08-08_11h15.29.823,condition1,2020.1.3,Win32,60,0,6,6,6,1,aoiConditions/train1Block7.xlsx,aoiConditions/train1Block7Test.xlsx,,,,,,,,,,,,,,,,,,,,,,,,,,,,,,,,,,,,,,,,,,,,,,,,,,,,,,,,,,,,,
d,0.60508,f,2.68373,0,0,0,0,1,trainingaudio/14_pokoto1.wav,pngimages/14_coffee.png,trainingaudio/22_kakoki1.wav,pngimages/22_egg.png,-0.5,0.5,test,001,2020-08-08_11h15.29.823,condition1,2020.1.3,Win32,60,,,,,,,,,,,,,,,,,,,,,,,,,,,,,,,,,,,,,,,,,,,,,,,,,,,,,,,,,,,,,,,,,,,,
,,,,,,,,,,,,,,,test,001,2020-08-08_11h15.29.823,condition1,2020.1.3,Win32,60,0,7,7,7,1,aoiConditions/train1Block8.xlsx,aoiConditions/train1Block8Test.xlsx,,,,,,,,,,,,,,,,,,,,,,,,,,,,,,,,,,,,,,,,,,,,,,,,,,,,,,,,,,,,,
f,0.502135,f,0.142865,0,0,0,0,1,trainingaudio/11_tokiko1.wav,pngimages/11_compass.png,trainingaudio/06_titoka3.wav,pngimages/06_tent.png,0.5,-0.5,test,001,2020-08-08_11h15.29.823,condition1,2020.1.3,Win32,60,,,,,,,,,,,,,,,,,,,,,,,,,,,,,,,,,,,,,,,,,,,,,,,,,,,,,,,,,,,,,,,,,,,,
,,,,,,,,,,,,,,,test,001,2020-08-08_11h15.29.823,condition1,2020.1.3,Win32,60,0,8,8,8,1,aoiConditions/train1Block9.xlsx,aoiConditions/train1Block9Test.xlsx,,,,,,,,,,,,,,,,,,,,,,,,,,,,,,,,,,,,,,,,,,,,,,,,,,,,,,,,,,,,,
f,0.40565,f,0.82,0,0,0,0,1,trainingaudio/02_pitito3.wav,pngimages/02_pallet.png,trainingaudio/09_tipata2.wav,pngimages/09_plane.png,-0.5,0.5,test,001,2020-08-08_11h15.29.823,condition1,2020.1.3,Win32,60,,,,,,,,,,,,,,,,,,,,,,,,,,,,,,,,,,,,,,,,,,,,,,,,,,,,,,,,,,,,,,,,,,,,
,,,,,,,,,,,,,,,test,001,2020-08-08_11h15.29.823,condition1,2020.1.3,Win32,60,0,9,9,9,1,aoiConditions/train1Block10.xlsx,aoiConditions/train1Block10Test.xlsx,,,,,,,,,,,,,,,,,,,,,,,,,,,,,,,,,,,,,,,,,,,,,,,,,,,,,,,,,,,,,
f,0.40368,j,0.039775,0,0,0,0,1,trainingaudio/25_tapapi1.wav,pngimages/25_apple.png,trainingaudio/23_patoko1.wav,pngimages/23_lemon.png,0.5,-0.5,test,001,2020-08-08_11h15.29.823,condition1,2020.1.3,Win32,60,,,,,,,,,,,,,,,,,,,,,,,,,,,,,,,,,,,,,,,,,,,,,,,,,,,,,,,,,,,,,,,,,,,,
,,,,,,,,,,,,,,,test,001,2020-08-08_11h15.29.823,condition1,2020.1.3,Win32,60,0,10,10,10,1,aoiConditions/train1Block11.xlsx,aoiConditions/train1Block11Test.xlsx,,,,,,,,,,,,,,,,,,,,,,,,,,,,,,,,,,,,,,,,,,,,,,,,,,,,,,,,,,,,,
j,0.528535,j,0.090515,0,0,0,0,1,trainingaudio/94_kipipi1.wav,pngimages/94_house.png,trainingaudio/10_tokiti1.wav,pngimages/10_backpack.png,0.5,-0.5,test,001,2020-08-08_11h15.29.823,condition1,2020.1.3,Win32,60,,,,,,,,,,,,,,,,,,,,,,,,,,,,,,,,,,,,,,,,,,,,,,,,,,,,,,,,,,,,,,,,,,,,
,,,,,,,,,,,,,,,test,001,2020-08-08_11h15.29.823,condition1,2020.1.3,Win32,60,0,11,11,11,1,aoiConditions/train1Block12.xlsx,aoiConditions/train1Block12Test.xlsx,,,,,,,,,,,,,,,,,,,,,,,,,,,,,,,,,,,,,,,,,,,,,,,,,,,,,,,,,,,,,
j,0.36261,j,0.28828,0,0,0,0,1,trainingaudio/16_kokapi2.wav,pngimages/16_icecream.png,trainingaudio/15_kopota3.wav,pngimages/15_barrel.png,0.5,-0.5,test,001,2020-08-08_11h15.29.823,condition1,2020.1.3,Win32,60,,,,,,,,,,,,,,,,,,,,,,,,,,,,,,,,,,,,,,,,,,,,,,,,,,,,,,,,,,,,,,,,,,,,
,,,,,,,,,,,,,,,test,001,2020-08-08_11h15.29.823,condition1,2020.1.3,Win32,60,0,12,12,12,1,aoiConditions/train1Block13.xlsx,aoiConditions/train1Block13Test.xlsx,,,,,,,,,,,,,,,,,,,,,,,,,,,,,,,,,,,,,,,,,,,,,,,,,,,,,,,,,,,,,
j,0.37318,f,1.946365,0,0,0,0,1,trainingaudio/20_tatito1.wav,pngimages/20_pizza.png,trainingaudio/04_kitoti2.wav,pngimages/04_ladder.png,-0.5,0.5,test,001,2020-08-08_11h15.29.823,condition1,2020.1.3,Win32,60,,,,,,,,,,,,,,,,,,,,,,,,,,,,,,,,,,,,,,,,,,,,,,,,,,,,,,,,,,,,,,,,,,,,
,,,,,,,,,,,,,,,test,001,2020-08-08_11h15.29.823,condition1,2020.1.3,Win32,60,0,13,13,13,1,aoiConditions/train1Block14.xlsx,aoiConditions/train1Block14Test.xlsx,,,,,,,,,,,,,,,,,,,,,,,,,,,,,,,,,,,,,,,,,,,,,,,,,,,,,,,,,,,,,
f,0.38668,f,0.262415,0,0,0,0,1,trainingaudio/19_papipi1.wav,pngimages/19_burger.png,trainingaudio/21_papika1.wav,pngimages/21_cheese.png,-0.5,0.5,test,001,2020-08-08_11h15.29.823,condition1,2020.1.3,Win32,60,,,,,,,,,,,,,,,,,,,,,,,,,,,,,,,,,,,,,,,,,,,,,,,,,,,,,,,,,,,,,,,,,,,,
,,j,1.19018,0,1,1,1,1,trainingaudio/18_popata2.wav,pngimages/18_donut.png,trainingaudio/25_tapapi1.wav,pngimages/25_apple.png,0.5,-0.5,test,001,2020-08-08_11h15.29.823,condition1,2020.1.3,Win32,60,,,,,,,,,,,,,,,,,,,,,,,,,,,,,,,,,,,,,,,,,,,,,,,,,,,,,,,,,,,,,,,,,,,,
,,,,,,,,,,,,,,,test,001,2020-08-08_11h15.29.823,condition1,2020.1.3,Win32,60,0,14,14,14,1,aoiConditions/train1Block15.xlsx,aoiConditions/train1Block15Test.xlsx,,,,,,,,,,,,,,,,,,,,,,,,,,,,,,,,,,,,,,,,,,,,,,,,,,,,,,,,,,,,,
j,2.28825,f,0.134865,0,0,0,0,1,trainingaudio/94_kipipi1.wav,pngimages/94_house.png,trainingaudio/14_pokoto1.wav,pngimages/14_coffee.png,-0.5,0.5,test,001,2020-08-08_11h15.29.823,condition1,2020.1.3,Win32,60,,,,,,,,,,,,,,,,,,,,,,,,,,,,,,,,,,,,,,,,,,,,,,,,,,,,,,,,,,,,,,,,,,,,
,,f,1.53254,0,1,1,1,1,trainingaudio/27_pakapa1.wav,pngimages/27_kiwi.png,trainingaudio/04_kitoti2.wav,pngimages/04_ladder.png,-0.5,0.5,test,001,2020-08-08_11h15.29.823,condition1,2020.1.3,Win32,60,,,,,,,,,,,,,,,,,,,,,,,,,,,,,,,,,,,,,,,,,,,,,,,,,,,,,,,,,,,,,,,,,,,,
,,,,,,,,,,,,,,,test,001,2020-08-08_11h15.29.823,condition1,2020.1.3,Win32,60,0,15,15,15,1,aoiConditions/train1Block16.xlsx,aoiConditions/train1Block16Test.xlsx,,,,,,,,,,,,,,,,,,,,,,,,,,,,,,,,,,,,,,,,,,,,,,,,,,,,,,,,,,,,,
f,0.547915,j,0.675335,0,0,0,0,1,trainingaudio/12_pokika3.wav,pngimages/12_pie.png,trainingaudio/02_pitito3.wav,pngimages/02_pallet.png,-0.5,0.5,test,001,2020-08-08_11h15.29.823,condition1,2020.1.3,Win32,60,,,,,,,,,,,,,,,,,,,,,,,,,,,,,,,,,,,,,,,,,,,,,,,,,,,,,,,,,,,,,,,,,,,,
,,f,0.3512,0,1,1,1,1,trainingaudio/16_kokapi2.wav,pngimages/16_icecream.png,trainingaudio/20_tatito1.wav,pngimages/20_pizza.png,-0.5,0.5,test,001,2020-08-08_11h15.29.823,condition1,2020.1.3,Win32,60,,,,,,,,,,,,,,,,,,,,,,,,,,,,,,,,,,,,,,,,,,,,,,,,,,,,,,,,,,,,,,,,,,,,
,,,,,,,,,,,,,,,test,001,2020-08-08_11h15.29.823,condition1,2020.1.3,Win32,60,0,16,16,16,1,aoiConditions/train1Block17.xlsx,aoiConditions/train1Block17Test.xlsx,,,,,,,,,,,,,,,,,,,,,,,,,,,,,,,,,,,,,,,,,,,,,,,,,,,,,,,,,,,,,
f,0.95894,j,2.07482,0,0,0,0,1,trainingaudio/23_patoko1.wav,pngimages/23_lemon.png,trainingaudio/05_titopo2.wav,pngimages/05_megaphone.png,0.5,-0.5,test,001,2020-08-08_11h15.29.823,condition1,2020.1.3,Win32,60,,,,,,,,,,,,,,,,,,,,,,,,,,,,,,,,,,,,,,,,,,,,,,,,,,,,,,,,,,,,,,,,,,,,
,,j,1.6911,0,1,1,1,1,trainingaudio/15_kopota3.wav,pngimages/15_barrel.png,trainingaudio/06_titoka3.wav,pngimages/06_tent.png,0.5,-0.5,test,001,2020-08-08_11h15.29.823,condition1,2020.1.3,Win32,60,,,,,,,,,,,,,,,,,,,,,,,,,,,,,,,,,,,,,,,,,,,,,,,,,,,,,,,,,,,,,,,,,,,,
,,,,,,,,,,,,,,,test,001,2020-08-08_11h15.29.823,condition1,2020.1.3,Win32,60,0,17,17,17,1,aoiConditions/train1Block18.xlsx,aoiConditions/train1Block18Test.xlsx,,,,,,,,,,,,,,,,,,,,,,,,,,,,,,,,,,,,,,,,,,,,,,,,,,,,,,,,,,,,,
j,0.726155,j,0.10017,0,0,0,0,1,trainingaudio/01_kitipi1.wav,pngimages/01_gift.png,trainingaudio/22_kakoki1.wav,pngimages/22_egg.png,0.5,-0.5,test,001,2020-08-08_11h15.29.823,condition1,2020.1.3,Win32,60,,,,,,,,,,,,,,,,,,,,,,,,,,,,,,,,,,,,,,,,,,,,,,,,,,,,,,,,,,,,,,,,,,,,
,,j,0.303065,0,1,1,1,1,trainingaudio/24_takopa1.wav,pngimages/24_banana.png,trainingaudio/07_pitapi2.wav,pngimages/07_suitcase.png,0.5,-0.5,test,001,2020-08-08_11h15.29.823,condition1,2020.1.3,Win32,60,,,,,,,,,,,,,,,,,,,,,,,,,,,,,,,,,,,,,,,,,,,,,,,,,,,,,,,,,,,,,,,,,,,,
,,,,,,,,,,,,,,,test,001,2020-08-08_11h15.29.823,condition1,2020.1.3,Win32,60,0,18,18,18,1,aoiConditions/train1Block19.xlsx,aoiConditions/train1Block19Test.xlsx,,,,,,,,,,,,,,,,,,,,,,,,,,,,,,,,,,,,,,,,,,,,,,,,,,,,,,,,,,,,,
j,0.965065,j,0.330765,0,0,0,0,1,trainingaudio/26_kapako1.wav,pngimages/26_pineapple.png,trainingaudio/03_kikita3.wav,pngimages/03_box.png,0.5,-0.5,test,001,2020-08-08_11h15.29.823,condition1,2020.1.3,Win32,60,,,,,,,,,,,,,,,,,,,,,,,,,,,,,,,,,,,,,,,,,,,,,,,,,,,,,,,,,,,,,,,,,,,,
,,j,0.44385,0,1,1,1,1,trainingaudio/08_tipako2.wav,pngimages/08_bell.png,trainingaudio/09_tipata2.wav,pngimages/09_plane.png,-0.5,0.5,test,001,2020-08-08_11h15.29.823,condition1,2020.1.3,Win32,60,,,,,,,,,,,,,,,,,,,,,,,,,,,,,,,,,,,,,,,,,,,,,,,,,,,,,,,,,,,,,,,,,,,,
,,,,,,,,,,,,,,,test,001,2020-08-08_11h15.29.823,condition1,2020.1.3,Win32,60,0,19,19,19,1,aoiConditions/train1Block20.xlsx,aoiConditions/train1Block20Test.xlsx,,,,,,,,,,,,,,,,,,,,,,,,,,,,,,,,,,,,,,,,,,,,,,,,,,,,,,,,,,,,,
j,0.51297,f,2.511225,0,0,0,0,1,trainingaudio/11_tokiko1.wav,pngimages/11_compass.png,trainingaudio/17_kotako2.wav,pngimages/17_cracker.png,-0.5,0.5,test,001,2020-08-08_11h15.29.823,condition1,2020.1.3,Win32,60,,,,,,,,,,,,,,,,,,,,,,,,,,,,,,,,,,,,,,,,,,,,,,,,,,,,,,,,,,,,,,,,,,,,
,,f,0.220375,0,1,1,1,1,trainingaudio/13_kopopi1.wav,pngimages/13_toast.png,trainingaudio/10_tokiti1.wav,pngimages/10_backpack.png,-0.5,0.5,test,001,2020-08-08_11h15.29.823,condition1,2020.1.3,Win32,60,,,,,,,,,,,,,,,,,,,,,,,,,,,,,,,,,,,,,,,,,,,,,,,,,,,,,,,,,,,,,,,,,,,,
,,,,,,,,,trainingaudio/17_kotako2.wav,pngimages/17_cracker.png,trainingaudio/07_pitapi2.wav,pngimages/07_suitcase.png,0.5,-0.5,test,001,2020-08-08_11h15.29.823,condition1,2020.1.3,Win32,60,,,,,,,,,,j,1.4196,0,0,0,0,1,,,,,,,,,,,,,,,,,,,,,,,,,,,,,,,,,,,,,,,,,,,,,,,,,,,,
,,,,,,,,,,,,,,,test,001,2020-08-08_11h15.29.823,condition1,2020.1.3,Win32,60,,,,,,aoiConditions/train2Block1.xlsx,aoiConditions/train2Block1Test.xlsx,,,,,,,,,,0,0,0,0,1,,,,,,,,,,,,,,,,,,,,,,,,,,,,,,,,,,,,,,,,,,,,,,,
,,,,,,,,,trainingaudio/12_pokika3.wav,pngimages/12_pie.png,trainingaudio/05_titopo2.wav,pngimages/05_megaphone.png,0.5,-0.5,test,001,2020-08-08_11h15.29.823,condition1,2020.1.3,Win32,60,,,,,,,,,j,j,2.309485,0,0,0,0,1,,,,,,2.04906,,,,,,,,,,,,,,,,,,,,,,,,,,,,,,,,,,,,,,,,,,,,,,
,,,,,,,,,,,,,,,test,001,2020-08-08_11h15.29.823,condition1,2020.1.3,Win32,60,,,,,,aoiConditions/train2Block2.xlsx,aoiConditions/train2Block2Test.xlsx,,,,,,,,,,0,1,1,1,1,,,,,,,,,,,,,,,,,,,,,,,,,,,,,,,,,,,,,,,,,,,,,,,
,,,,,,,,,trainingaudio/94_kipipi1.wav,pngimages/94_house.png,trainingaudio/09_tipata2.wav,pngimages/09_plane.png,-0.5,0.5,test,001,2020-08-08_11h15.29.823,condition1,2020.1.3,Win32,60,,,,,,,,,j,f,0.18472,0,0,0,0,1,,,,,,0.48993,,,,,,,,,,,,,,,,,,,,,,,,,,,,,,,,,,,,,,,,,,,,,,
,,,,,,,,,,,,,,,test,001,2020-08-08_11h15.29.823,condition1,2020.1.3,Win32,60,,,,,,aoiConditions/train2Block3.xlsx,aoiConditions/train2Block3Test.xlsx,,,,,,,,,,0,2,2,2,1,,,,,,,,,,,,,,,,,,,,,,,,,,,,,,,,,,,,,,,,,,,,,,,
,,,,,,,,,trainingaudio/02_pitito3.wav,pngimages/02_pallet.png,trainingaudio/06_titoka3.wav,pngimages/06_tent.png,-0.5,0.5,test,001,2020-08-08_11h15.29.823,condition1,2020.1.3,Win32,60,,,,,,,,,f,f,0.23855,0,0,0,0,1,,,,,,0.373945,,,,,,,,,,,,,,,,,,,,,,,,,,,,,,,,,,,,,,,,,,,,,,
,,,,,,,,,,,,,,,test,001,2020-08-08_11h15.29.823,condition1,2020.1.3,Win32,60,,,,,,aoiConditions/train2Block4.xlsx,aoiConditions/train2Block4Test.xlsx,,,,,,,,,,0,3,3,3,1,,,,,,,,,,,,,,,,,,,,,,,,,,,,,,,,,,,,,,,,,,,,,,,
,,,,,,,,,trainingaudio/14_pokoto1.wav,pngimages/14_coffee.png,trainingaudio/21_papika1.wav,pngimages/21_cheese.png,0.5,-0.5,test,001,2020-08-08_11h15.29.823,condition1,2020.1.3,Win32,60,,,,,,,,,f,f,1.962835,0,0,0,0,1,,,,,,0.389055,,,,,,,,,,,,,,,,,,,,,,,,,,,,,,,,,,,,,,,,,,,,,,
,,,,,,,,,,,,,,,test,001,2020-08-08_11h15.29.823,condition1,2020.1.3,Win32,60,,,,,,aoiConditions/train2Block5.xlsx,aoiConditions/train2Block5Test.xlsx,,,,,,,,,,0,4,4,4,1,,,,,,,,,,,,,,,,,,,,,,,,,,,,,,,,,,,,,,,,,,,,,,,
,,,,,,,,,trainingaudio/18_popata2.wav,pngimages/18_donut.png,trainingaudio/15_kopota3.wav,pngimages/15_barrel.png,-0.5,0.5,test,001,2020-08-08_11h15.29.823,condition1,2020.1.3,Win32,60,,,,,,,,,f,f,0.833155,0,0,0,0,1,,,,,,0.398375,,,,,,,,,,,,,,,,,,,,,,,,,,,,,,,,,,,,,,,,,,,,,,
,,,,,,,,,,,,,,,test,001,2020-08-08_11h15.29.823,condition1,2020.1.3,Win32,60,,,,,,aoiConditions/train2Block6.xlsx,aoiConditions/train2Block6Test.xlsx,,,,,,,,,,0,5,5,5,1,,,,,,,,,,,,,,,,,,,,,,,,,,,,,,,,,,,,,,,,,,,,,,,
,,,,,,,,,trainingaudio/27_pakapa1.wav,pngimages/27_kiwi.png,trainingaudio/20_tatito1.wav,pngimages/20_pizza.png,-0.5,0.5,test,001,2020-08-08_11h15.29.823,condition1,2020.1.3,Win32,60,,,,,,,,,f,f,0.327815,0,0,0,0,1,,,,,,0.81253,,,,,,,,,,,,,,,,,,,,,,,,,,,,,,,,,,,,,,,,,,,,,,
,,,,,,,,,,,,,,,test,001,2020-08-08_11h15.29.823,condition1,2020.1.3,Win32,60,,,,,,aoiConditions/train2Block7.xlsx,aoiConditions/train2Block7Test.xlsx,,,,,,,,,,0,6,6,6,1,,,,,,,,,,,,,,,,,,,,,,,,,,,,,,,,,,,,,,,,,,,,,,,
,,,,,,,,,trainingaudio/13_kopopi1.wav,pngimages/13_toast.png,trainingaudio/25_tapapi1.wav,pngimages/25_apple.png,0.5,-0.5,test,001,2020-08-08_11h15.29.823,condition1,2020.1.3,Win32,60,,,,,,,,,f,j,0.737865,0,0,0,0,1,,,,,,1.02485,,,,,,,,,,,,,,,,,,,,,,,,,,,,,,,,,,,,,,,,,,,,,,
,,,,,,,,,,,,,,,test,001,2020-08-08_11h15.29.823,condition1,2020.1.3,Win32,60,,,,,,aoiConditions/train2Block8.xlsx,aoiConditions/train2Block8Test.xlsx,,,,,,,,,,0,7,7,7,1,,,,,,,,,,,,,,,,,,,,,,,,,,,,,,,,,,,,,,,,,,,,,,,
,,,,,,,,,trainingaudio/01_kitipi1.wav,pngimages/01_gift.png,trainingaudio/22_kakoki1.wav,pngimages/22_egg.png,-0.5,0.5,test,001,2020-08-08_11h15.29.823,condition1,2020.1.3,Win32,60,,,,,,,,,j,f,0.2997,0,0,0,0,1,,,,,,0.41737,,,,,,,,,,,,,,,,,,,,,,,,,,,,,,,,,,,,,,,,,,,,,,
,,,,,,,,,,,,,,,test,001,2020-08-08_11h15.29.823,condition1,2020.1.3,Win32,60,,,,,,aoiConditions/train2Block9.xlsx,aoiConditions/train2Block9Test.xlsx,,,,,,,,,,0,8,8,8,1,,,,,,,,,,,,,,,,,,,,,,,,,,,,,,,,,,,,,,,,,,,,,,,
,,,,,,,,,trainingaudio/10_tokiti1.wav,pngimages/10_backpack.png,trainingaudio/19_papipi1.wav,pngimages/19_burger.png,0.5,-0.5,test,001,2020-08-08_11h15.29.823,condition1,2020.1.3,Win32,60,,,,,,,,,f,j,1.854115,0,0,0,0,1,,,,,,0.38906,,,,,,,,,,,,,,,,,,,,,,,,,,,,,,,,,,,,,,,,,,,,,,
,,,,,,,,,,,,,,,test,001,2020-08-08_11h15.29.823,condition1,2020.1.3,Win32,60,,,,,,aoiConditions/train2Block10.xlsx,aoiConditions/train2Block10Test.xlsx,,,,,,,,,,0,9,9,9,1,,,,,,,,,,,,,,,,,,,,,,,,,,,,,,,,,,,,,,,,,,,,,,,
,,,,,,,,,trainingaudio/04_kitoti2.wav,pngimages/04_ladder.png,trainingaudio/26_kapako1.wav,pngimages/26_pineapple.png,-0.5,0.5,test,001,2020-08-08_11h15.29.823,condition1,2020.1.3,Win32,60,,,,,,,,,j,f,0.37214,0,0,0,0,1,,,,,,0.38668,,,,,,,,,,,,,,,,,,,,,,,,,,,,,,,,,,,,,,,,,,,,,,
,,,,,,,,,,,,,,,test,001,2020-08-08_11h15.29.823,condition1,2020.1.3,Win32,60,,,,,,aoiConditions/train2Block11.xlsx,aoiConditions/train2Block11Test.xlsx,,,,,,,,,,0,10,10,10,1,,,,,,,,,,,,,,,,,,,,,,,,,,,,,,,,,,,,,,,,,,,,,,,
,,,,,,,,,trainingaudio/23_patoko1.wav,pngimages/23_lemon.png,trainingaudio/16_kokapi2.wav,pngimages/16_icecream.png,0.5,-0.5,test,001,2020-08-08_11h15.29.823,condition1,2020.1.3,Win32,60,,,,,,,,,f,j,0.59765,0,0,0,0,1,,,,,,0.31463,,,,,,,,,,,,,,,,,,,,,,,,,,,,,,,,,,,,,,,,,,,,,,
,,,,,,,,,,,,,,,test,001,2020-08-08_11h15.29.823,condition1,2020.1.3,Win32,60,,,,,,aoiConditions/train2Block12.xlsx,aoiConditions/train2Block12Test.xlsx,,,,,,,,,,0,11,11,11,1,,,,,,,,,,,,,,,,,,,,,,,,,,,,,,,,,,,,,,,,,,,,,,,
,,,,,,,,,trainingaudio/08_tipako2.wav,pngimages/08_bell.png,trainingaudio/11_tokiko1.wav,pngimages/11_compass.png,0.5,-0.5,test,001,2020-08-08_11h15.29.823,condition1,2020.1.3,Win32,60,,,,,,,,,j,j,1.033395,0,0,0,0,1,,,,,,0.46859,,,,,,,,,,,,,,,,,,,,,,,,,,,,,,,,,,,,,,,,,,,,,,
,,,,,,,,,,,,,,,test,001,2020-08-08_11h15.29.823,condition1,2020.1.3,Win32,60,,,,,,aoiConditions/train2Block13.xlsx,aoiConditions/train2Block13Test.xlsx,,,,,,,,,,0,12,12,12,1,,,,,,,,,,,,,,,,,,,,,,,,,,,,,,,,,,,,,,,,,,,,,,,
,,,,,,,,,trainingaudio/03_kikita3.wav,pngimages/03_box.png,trainingaudio/24_takopa1.wav,pngimages/24_banana.png,-0.5,0.5,test,001,2020-08-08_11h15.29.823,condition1,2020.1.3,Win32,60,,,,,,,,,j,f,0.561405,0,0,0,0,1,,,,,,0.383655,,,,,,,,,,,,,,,,,,,,,,,,,,,,,,,,,,,,,,,,,,,,,,
,,,,,,,,,,,,,,,test,001,2020-08-08_11h15.29.823,condition1,2020.1.3,Win32,60,,,,,,aoiConditions/train2Block14.xlsx,aoiConditions/train2Block14Test.xlsx,,,,,,,,,,0,13,13,13,1,,,,,,,,,,,,,,,,,,,,,,,,,,,,,,,,,,,,,,,,,,,,,,,
,,,,,,,,,trainingaudio/10_tokiti1.wav,pngimages/10_backpack.png,trainingaudio/94_kipipi1.wav,pngimages/94_house.png,-0.5,0.5,test,001,2020-08-08_11h15.29.823,condition1,2020.1.3,Win32,60,,,,,,,,,f,f,1.269845,0,0,0,0,1,,,,,,0.37094,,,,,,,,,,,,,,,,,,,,,,,,,,,,,,,,,,,,,,,,,,,,,,
,,,,,,,,,trainingaudio/09_tipata2.wav,pngimages/09_plane.png,trainingaudio/14_pokoto1.wav,pngimages/14_coffee.png,-0.5,0.5,test,001,2020-08-08_11h15.29.823,condition1,2020.1.3,Win32,60,,,,,,,,,,j,2.94005,0,1,1,1,1,,,,,,,,,,,,,,,,,,,,,,,,,,,,,,,,,,,,,,,,,,,,,,,,,,,,
,,,,,,,,,,,,,,,test,001,2020-08-08_11h15.29.823,condition1,2020.1.3,Win32,60,,,,,,aoiConditions/train2Block15.xlsx,aoiConditions/train2Block15Test.xlsx,,,,,,,,,,0,14,14,14,1,,,,,,,,,,,,,,,,,,,,,,,,,,,,,,,,,,,,,,,,,,,,,,,
,,,,,,,,,trainingaudio/05_titopo2.wav,pngimages/05_megaphone.png,trainingaudio/24_takopa1.wav,pngimages/24_banana.png,-0.5,0.5,test,001,2020-08-08_11h15.29.823,condition1,2020.1.3,Win32,60,,,,,,,,,j,,,0,0,0,0,1,,,,,,0.604805,,,,,,,,,,,,,,,,,,,,,,,,,,,,,,,,,,,,,,,,,,,,,,
,,,,,,,,,trainingaudio/08_tipako2.wav,pngimages/08_bell.png,trainingaudio/27_pakapa1.wav,pngimages/27_kiwi.png,0.5,-0.5,test,001,2020-08-08_11h15.29.823,condition1,2020.1.3,Win32,60,,,,,,,,,,j,1.470295,0,1,1,1,1,,,,,,,,,,,,,,,,,,,,,,,,,,,,,,,,,,,,,,,,,,,,,,,,,,,,
,,,,,,,,,,,,,,,test,001,2020-08-08_11h15.29.823,condition1,2020.1.3,Win32,60,,,,,,aoiConditions/train2Block16.xlsx,aoiConditions/train2Block16Test.xlsx,,,,,,,,,,0,15,15,15,1,,,,,,,,,,,,,,,,,,,,,,,,,,,,,,,,,,,,,,,,,,,,,,,
,,,,,,,,,trainingaudio/25_tapapi1.wav,pngimages/25_apple.png,trainingaudio/13_kopopi1.wav,pngimages/13_toast.png,0.5,-0.5,test,001,2020-08-08_11h15.29.823,condition1,2020.1.3,Win32,60,,,,,,,,,j,f,3.25802,0,0,0,0,1,,,,,,0.52141,,,,,,,,,,,,,,,,,,,,,,,,,,,,,,,,,,,,,,,,,,,,,,
,,,,,,,,,trainingaudio/15_kopota3.wav,pngimages/15_barrel.png,trainingaudio/22_kakoki1.wav,pngimages/22_egg.png,0.5,-0.5,test,001,2020-08-08_11h15.29.823,condition1,2020.1.3,Win32,60,,,,,,,,,,f,0.42672,0,1,1,1,1,,,,,,,,,,,,,,,,,,,,,,,,,,,,,,,,,,,,,,,,,,,,,,,,,,,,
,,,,,,,,,,,,,,,test,001,2020-08-08_11h15.29.823,condition1,2020.1.3,Win32,60,,,,,,aoiConditions/train2Block17.xlsx,aoiConditions/train2Block17Test.xlsx,,,,,,,,,,0,16,16,16,1,,,,,,,,,,,,,,,,,,,,,,,,,,,,,,,,,,,,,,,,,,,,,,,
,,,,,,,,,trainingaudio/02_pitito3.wav,pngimages/02_pallet.png,trainingaudio/23_patoko1.wav,pngimages/23_lemon.png,0.5,-0.5,test,001,2020-08-08_11h15.29.823,condition1,2020.1.3,Win32,60,,,,,,,,,f,j,0.4512,0,0,0,0,1,,,,,,0.447695,,,,,,,,,,,,,,,,,,,,,,,,,,,,,,,,,,,,,,,,,,,,,,
,,,,,,,,,trainingaudio/18_popata2.wav,pngimages/18_donut.png,trainingaudio/06_titoka3.wav,pngimages/06_tent.png,-0.5,0.5,test,001,2020-08-08_11h15.29.823,condition1,2020.1.3,Win32,60,,,,,,,,,,f,0.35198,0,1,1,1,1,,,,,,,,,,,,,,,,,,,,,,,,,,,,,,,,,,,,,,,,,,,,,,,,,,,,
,,,,,,,,,,,,,,,test,001,2020-08-08_11h15.29.823,condition1,2020.1.3,Win32,60,,,,,,aoiConditions/train2Block18.xlsx,aoiConditions/train2Block18Test.xlsx,,,,,,,,,,0,17,17,17,1,,,,,,,,,,,,,,,,,,,,,,,,,,,,,,,,,,,,,,,,,,,,,,,
,,,,,,,,,trainingaudio/16_kokapi2.wav,pngimages/16_icecream.png,trainingaudio/11_tokiko1.wav,pngimages/11_compass.png,-0.5,0.5,test,001,2020-08-08_11h15.29.823,condition1,2020.1.3,Win32,60,,,,,,,,,f,f,0.097525,0,0,0,0,1,,,,,,0.35609,,,,,,,,,,,,,,,,,,,,,,,,,,,,,,,,,,,,,,,,,,,,,,
,,,,,,,,,trainingaudio/19_papipi1.wav,pngimages/19_burger.png,trainingaudio/01_kitipi1.wav,pngimages/01_gift.png,0.5,-0.5,test,001,2020-08-08_11h15.29.823,condition1,2020.1.3,Win32,60,,,,,,,,,,j,0.248575,0,1,1,1,1,,,,,,,,,,,,,,,,,,,,,,,,,,,,,,,,,,,,,,,,,,,,,,,,,,,,
,,,,,,,,,,,,,,,test,001,2020-08-08_11h15.29.823,condition1,2020.1.3,Win32,60,,,,,,aoiConditions/train2Block19.xlsx,aoiConditions/train2Block19Test.xlsx,,,,,,,,,,0,18,18,18,1,,,,,,,,,,,,,,,,,,,,,,,,,,,,,,,,,,,,,,,,,,,,,,,
,,,,,,,,,trainingaudio/07_pitapi2.wav,pngimages/07_suitcase.png,trainingaudio/17_kotako2.wav,pngimages/17_cracker.png,-0.5,0.5,test,001,2020-08-08_11h15.29.823,condition1,2020.1.3,Win32,60,,,,,,,,,j,f,0.0718,0,0,0,0,1,,,,,,0.41657,,,,,,,,,,,,,,,,,,,,,,,,,,,,,,,,,,,,,,,,,,,,,,
,,,,,,,,,trainingaudio/03_kikita3.wav,pngimages/03_box.png,trainingaudio/26_kapako1.wav,pngimages/26_pineapple.png,0.5,-0.5,test,001,2020-08-08_11h15.29.823,condition1,2020.1.3,Win32,60,,,,,,,,,,j,0.1154,0,1,1,1,1,,,,,,,,,,,,,,,,,,,,,,,,,,,,,,,,,,,,,,,,,,,,,,,,,,,,
,,,,,,,,,,,,,,,test,001,2020-08-08_11h15.29.823,condition1,2020.1.3,Win32,60,,,,,,aoiConditions/train2Block20.xlsx,aoiConditions/train2Block20Test.xlsx,,,,,,,,,,0,19,19,19,1,,,,,,,,,,,,,,,,,,,,,,,,,,,,,,,,,,,,,,,,,,,,,,,
,,,,,,,,,trainingaudio/21_papika1.wav,pngimages/21_cheese.png,trainingaudio/04_kitoti2.wav,pngimages/04_ladder.png,-0.5,0.5,test,001,2020-08-08_11h15.29.823,condition1,2020.1.3,Win32,60,,,,,,,,,f,f,0.31595,0,0,0,0,1,,,,,,0.412775,,,,,,,,,,,,,,,,,,,,,,,,,,,,,,,,,,,,,,,,,,,,,,
,,,,,,,,,trainingaudio/20_tatito1.wav,pngimages/20_pizza.png,trainingaudio/12_pokika3.wav,pngimages/12_pie.png,0.5,-0.5,test,001,2020-08-08_11h15.29.823,condition1,2020.1.3,Win32,60,,,,,,,,,,j,2.31843,0,1,1,1,1,,,,,,,,,,,,,,,,,,,,,,,,,,,,,,,,,,,,,,,,,,,,,,,,,,,,
,,,,,,,,,,,,,,,test,001,2020-08-08_11h15.29.823,condition1,2020.1.3,Win32,60,,,,,,,,,,,,,,,,,,,,,,,j,0.305555,f,0.73456,0,0,0,0,1,trainingaudio/94_kipipi1.wav,trainingaudio/94_kipipi3.wav,pngimages/94_house.png,1,,,,,,,,,,,,,,,,,,,,,,,,,,,,,,,,,
,,,,,,,,,,,,,,,test,001,2020-08-08_11h15.29.823,condition1,2020.1.3,Win32,60,,,,,,,,,,,,,,,,,,,,,,,,,j,1.613575,0,1,1,1,1,trainingaudio/19_papipi3.wav,trainingaudio/19_papipi1.wav,pngimages/19_burger.png,2,,,,,,,,,,,,,,,,,,,,,,,,,,,,,,,,,
,,,,,,,,,,,,,,,test,001,2020-08-08_11h15.29.823,condition1,2020.1.3,Win32,60,,,,,,,,,,,,,,,,,,,,,,,,,f,0.391545,0,2,2,2,1,trainingaudio/21_papika1.wav,trainingaudio/21_papika3.wav,pngimages/21_cheese.png,1,,,,,,,,,,,,,,,,,,,,,,,,,,,,,,,,,
,,,,,,,,,,,,,,,test,001,2020-08-08_11h15.29.823,condition1,2020.1.3,Win32,60,,,,,,,,,,,,,,,,,,,,,,,,,f,1.456765,0,3,3,3,1,trainingaudio/14_pokoto1.wav,trainingaudio/14_pokoto2.wav,pngimages/14_coffee.png,1,,,,,,,,,,,,,,,,,,,,,,,,,,,,,,,,,
,,,,,,,,,,,,,,,test,001,2020-08-08_11h15.29.823,condition1,2020.1.3,Win32,60,,,,,,,,,,,,,,,,,,,,,,,,,f,1.054785,0,4,4,4,1,trainingaudio/25_tapapi1.wav,trainingaudio/25_tapapi3.wav,pngimages/25_apple.png,1,,,,,,,,,,,,,,,,,,,,,,,,,,,,,,,,,
,,,,,,,,,,,,,,,test,001,2020-08-08_11h15.29.823,condition1,2020.1.3,Win32,60,,,,,,,,,,,,,,,,,,,,,,,,,j,1.448715,0,5,5,5,1,trainingaudio/15_kopota2.wav,trainingaudio/15_kopota3.wav,pngimages/15_barrel.png,2,,,,,,,,,,,,,,,,,,,,,,,,,,,,,,,,,
,,,,,,,,,,,,,,,test,001,2020-08-08_11h15.29.823,condition1,2020.1.3,Win32,60,,,,,,,,,,,,,,,,,,,,,,,,,j,0.27686,0,6,6,6,1,trainingaudio/05_titopo3.wav,trainingaudio/05_titopo2.wav,pngimages/05_megaphone.png,2,,,,,,,,,,,,,,,,,,,,,,,,,,,,,,,,,
,,,,,,,,,,,,,,,test,001,2020-08-08_11h15.29.823,condition1,2020.1.3,Win32,60,,,,,,,,,,,,,,,,,,,,,,,,,f,1.534035,0,7,7,7,1,trainingaudio/09_tipata2.wav,trainingaudio/09_tipata3.wav,pngimages/09_plane.png,1,,,,,,,,,,,,,,,,,,,,,,,,,,,,,,,,,
,,,,,,,,,,,,,,,test,001,2020-08-08_11h15.29.823,condition1,2020.1.3,Win32,60,,,,,,,,,,,,,,,,,,,,,,,,,f,0.609415,0,8,8,8,1,trainingaudio/20_tatito1.wav,trainingaudio/20_tatito2.wav,pngimages/20_pizza.png,1,,,,,,,,,,,,,,,,,,,,,,,,,,,,,,,,,
,,,,,,,,,,,,,,,test,001,2020-08-08_11h15.29.823,condition1,2020.1.3,Win32,60,,,,,,,,,,,,,,,,,,,,,,,,,j,2.93581,0,9,9,9,1,trainingaudio/27_pakapa1.wav,trainingaudio/27_pakapa3.wav,pngimages/27_kiwi.png,1,,,,,,,,,,,,,,,,,,,,,,,,,,,,,,,,,
,,,,,,,,,,,,,,,test,001,2020-08-08_11h15.29.823,condition1,2020.1.3,Win32,60,,,,,,,,,,,,,,,,,,,,,,,,,j,0.77172,0,10,10,10,1,trainingaudio/06_titoka2.wav,trainingaudio/06_titoka3.wav,pngimages/06_tent.png,2,,,,,,,,,,,,,,,,,,,,,,,,,,,,,,,,,
,,,,,,,,,,,,,,,test,001,2020-08-08_11h15.29.823,condition1,2020.1.3,Win32,60,,,,,,,,,,,,,,,,,,,,,,,,,j,0.181715,0,11,11,11,1,trainingaudio/11_tokiko3.wav,trainingaudio/11_tokiko1.wav,pngimages/11_compass.png,2,,,,,,,,,,,,,,,,,,,,,,,,,,,,,,,,,
,,,,,,,,,,,,,,,test,001,2020-08-08_11h15.29.823,condition1,2020.1.3,Win32,60,,,,,,,,,,,,,,,,,,,,,,,,,f,2.36154,0,12,12,12,1,trainingaudio/17_kotako3.wav,trainingaudio/17_kotako2.wav,pngimages/17_cracker.png,2,,,,,,,,,,,,,,,,,,,,,,,,,,,,,,,,,
,,,,,,,,,,,,,,,test,001,2020-08-08_11h15.29.823,condition1,2020.1.3,Win32,60,,,,,,,,,,,,,,,,,,,,,,,,,j,0.484575,0,13,13,13,1,trainingaudio/24_takopa3.wav,trainingaudio/24_takopa1.wav,pngimages/24_banana.png,2,,,,,,,,,,,,,,,,,,,,,,,,,,,,,,,,,
,,,,,,,,,,,,,,,test,001,2020-08-08_11h15.29.823,condition1,2020.1.3,Win32,60,,,,,,,,,,,,,,,,,,,,,,,,,j,0.21761,0,14,14,14,1,trainingaudio/26_kapako3.wav,trainingaudio/26_kapako1.wav,pngimages/26_pineapple.png,2,,,,,,,,,,,,,,,,,,,,,,,,,,,,,,,,,
,,,,,,,,,,,,,,,test,001,2020-08-08_11h15.29.823,condition1,2020.1.3,Win32,60,,,,,,,,,,,,,,,,,,,,,,,,,f,0.719005,0,15,15,15,1,trainingaudio/02_pitito3.wav,trainingaudio/02_pitito1.wav,pngimages/02_pallet.png,1,,,,,,,,,,,,,,,,,,,,,,,,,,,,,,,,,
,,,,,,,,,,,,,,,test,001,2020-08-08_11h15.29.823,condition1,2020.1.3,Win32,60,,,,,,,,,,,,,,,,,,,,,,,,,f,0.946085,0,16,16,16,1,trainingaudio/08_tipako2.wav,trainingaudio/08_tipako1.wav,pngimages/08_bell.png,1,,,,,,,,,,,,,,,,,,,,,,,,,,,,,,,,,
,,,,,,,,,,,,,,,test,001,2020-08-08_11h15.29.823,condition1,2020.1.3,Win32,60,,,,,,,,,,,,,,,,,,,,,,,,,j,0.09154,0,17,17,17,1,trainingaudio/03_kikita2.wav,trainingaudio/03_kikita3.wav,pngimages/03_box.png,2,,,,,,,,,,,,,,,,,,,,,,,,,,,,,,,,,
,,,,,,,,,,,,,,,test,001,2020-08-08_11h15.29.823,condition1,2020.1.3,Win32,60,,,,,,,,,,,,,,,,,,,,,,,,,f,0.410635,0,18,18,18,1,trainingaudio/18_popata2.wav,trainingaudio/18_popata3.wav,pngimages/18_donut.png,1,,,,,,,,,,,,,,,,,,,,,,,,,,,,,,,,,
,,,,,,,,,,,,,,,test,001,2020-08-08_11h15.29.823,condition1,2020.1.3,Win32,60,,,,,,,,,,,,,,,,,,,,,,,,,j,1.03431,0,19,19,19,1,trainingaudio/04_kitoti1.wav,trainingaudio/04_kitoti2.wav,pngimages/04_ladder.png,2,,,,,,,,,,,,,,,,,,,,,,,,,,,,,,,,,
,,,,,,,,,,,,,,,test,001,2020-08-08_11h15.29.823,condition1,2020.1.3,Win32,60,,,,,,,,,,,,,,,,,,,,,,,,,j,0.47536,0,20,20,20,1,trainingaudio/23_patoko3.wav,trainingaudio/23_patoko1.wav,pngimages/23_lemon.png,2,,,,,,,,,,,,,,,,,,,,,,,,,,,,,,,,,
,,,,,,,,,,,,,,,test,001,2020-08-08_11h15.29.823,condition1,2020.1.3,Win32,60,,,,,,,,,,,,,,,,,,,,,,,,,j,0.293925,0,21,21,21,1,trainingaudio/07_pitapi3.wav,trainingaudio/07_pitapi2.wav,pngimages/07_suitcase.png,2,,,,,,,,,,,,,,,,,,,,,,,,,,,,,,,,,
,,,,,,,,,,,,,,,test,001,2020-08-08_11h15.29.823,condition1,2020.1.3,Win32,60,,,,,,,,,,,,,,,,,,,,,,,,,j,0.15866,0,22,22,22,1,trainingaudio/10_tokiti2.wav,trainingaudio/10_tokiti1.wav,pngimages/10_backpack.png,2,,,,,,,,,,,,,,,,,,,,,,,,,,,,,,,,,
,,,,,,,,,,,,,,,test,001,2020-08-08_11h15.29.823,condition1,2020.1.3,Win32,60,,,,,,,,,,,,,,,,,,,,,,,,,j,0.11103,0,23,23,23,1,trainingaudio/22_kakoki3.wav,trainingaudio/22_kakoki1.wav,pngimages/22_egg.png,2,,,,,,,,,,,,,,,,,,,,,,,,,,,,,,,,,
,,,,,,,,,,,,,,,test,001,2020-08-08_11h15.29.823,condition1,2020.1.3,Win32,60,,,,,,,,,,,,,,,,,,,,,,,,,j,0.16754,0,24,24,24,1,trainingaudio/13_kopopi2.wav,trainingaudio/13_kopopi1.wav,pngimages/13_toast.png,2,,,,,,,,,,,,,,,,,,,,,,,,,,,,,,,,,
,,,,,,,,,,,,,,,test,001,2020-08-08_11h15.29.823,condition1,2020.1.3,Win32,60,,,,,,,,,,,,,,,,,,,,,,,,,f,3.449905,0,25,25,25,1,trainingaudio/01_kitipi1.wav,trainingaudio/01_kitipi2.wav,pngimages/01_gift.png,1,,,,,,,,,,,,,,,,,,,,,,,,,,,,,,,,,
,,,,,,,,,,,,,,,test,001,2020-08-08_11h15.29.823,condition1,2020.1.3,Win32,60,,,,,,,,,,,,,,,,,,,,,,,,,j,0.392935,0,26,26,26,1,trainingaudio/16_kokapi1.wav,trainingaudio/16_kokapi2.wav,pngimages/16_icecream.png,2,,,,,,,,,,,,,,,,,,,,,,,,,,,,,,,,,
,,,,,,,,,,,,,,,test,001,2020-08-08_11h15.29.823,condition1,2020.1.3,Win32,60,,,,,,,,,,,,,,,,,,,,,,,,,j,4.034665,0,27,27,27,1,trainingaudio/12_pokika2.wav,trainingaudio/12_pokika3.wav,pngimages/12_pie.png,2,,,,,,,,,,,,,,,,,,,,,,,,,,,,,,,,,
,,,,,,,,,,,,,,,test,001,2020-08-08_11h15.29.823,condition1,2020.1.3,Win32,60,,,,,,,,,,,,,,,,,,,,,,,,,j,0.25005,0,28,28,28,1,trainingaudio/18_popata3.wav,trainingaudio/18_popata2.wav,pngimages/18_donut.png,2,,,,,,,,,,,,,,,,,,,,,,,,,,,,,,,,,
,,,,,,,,,,,,,,,test,001,2020-08-08_11h15.29.823,condition1,2020.1.3,Win32,60,,,,,,,,,,,,,,,,,,,,,,,,,j,3.43665,0,29,29,29,1,trainingaudio/25_tapapi1.wav,trainingaudio/25_tapapi2.wav,pngimages/25_apple.png,1,,,,,,,,,,,,,,,,,,,,,,,,,,,,,,,,,
,,,,,,,,,,,,,,,test,001,2020-08-08_11h15.29.823,condition1,2020.1.3,Win32,60,,,,,,,,,,,,,,,,,,,,,,,,,j,1.984875,0,30,30,30,1,trainingaudio/05_titopo1.wav,trainingaudio/05_titopo2.wav,pngimages/05_megaphone.png,2,,,,,,,,,,,,,,,,,,,,,,,,,,,,,,,,,
,,,,,,,,,,,,,,,test,001,2020-08-08_11h15.29.823,condition1,2020.1.3,Win32,60,,,,,,,,,,,,,,,,,,,,,,,,,,,0,31,31,31,1,trainingaudio/20_tatito2.wav,trainingaudio/20_tatito1.wav,pngimages/20_pizza.png,2,,,,,,,,,,,,,,,,,,,,,,,,,,,,,,,,,
,,,,,,,,,,,,,,,test,001,2020-08-08_11h15.29.823,condition1,2020.1.3,Win32,60,,,,,,,,,,,,,,,,,,,,,,,,,j,4.27465,0,32,32,32,1,trainingaudio/16_kokapi2.wav,trainingaudio/16_kokapi1.wav,pngimages/16_icecream.png,1,,,,,,,,,,,,,,,,,,,,,,,,,,,,,,,,,
,,,,,,,,,,,,,,,test,001,2020-08-08_11h15.29.823,condition1,2020.1.3,Win32,60,,,,,,,,,,,,,,,,,,,,,,,,,j,0.35864,0,33,33,33,1,trainingaudio/17_kotako1.wav,trainingaudio/17_kotako2.wav,pngimages/17_cracker.png,2,,,,,,,,,,,,,,,,,,,,,,,,,,,,,,,,,
,,,,,,,,,,,,,,,test,001,2020-08-08_11h15.29.823,condition1,2020.1.3,Win32,60,,,,,,,,,,,,,,,,,,,,,,,,,f,2.19626,0,34,34,34,1,trainingaudio/14_pokoto1.wav,trainingaudio/14_pokoto3.wav,pngimages/14_coffee.png,1,,,,,,,,,,,,,,,,,,,,,,,,,,,,,,,,,
,,,,,,,,,,,,,,,test,001,2020-08-08_11h15.29.823,condition1,2020.1.3,Win32,60,,,,,,,,,,,,,,,,,,,,,,,,,f,0.466985,0,35,35,35,1,trainingaudio/22_kakoki1.wav,trainingaudio/22_kakoki3.wav,pngimages/22_egg.png,1,,,,,,,,,,,,,,,,,,,,,,,,,,,,,,,,,
,,,,,,,,,,,,,,,test,001,2020-08-08_11h15.29.823,condition1,2020.1.3,Win32,60,,,,,,,,,,,,,,,,,,,,,,,,,f,2.281595,0,36,36,36,1,trainingaudio/23_patoko1.wav,trainingaudio/23_patoko3.wav,pngimages/23_lemon.png,1,,,,,,,,,,,,,,,,,,,,,,,,,,,,,,,,,
,,,,,,,,,,,,,,,test,001,2020-08-08_11h15.29.823,condition1,2020.1.3,Win32,60,,,,,,,,,,,,,,,,,,,,,,,,,j,0.39299,0,37,37,37,1,trainingaudio/06_titoka2.wav,trainingaudio/06_titoka3.wav,pngimages/06_tent.png,2,,,,,,,,,,,,,,,,,,,,,,,,,,,,,,,,,
,,,,,,,,,,,,,,,test,001,2020-08-08_11h15.29.823,condition1,2020.1.3,Win32,60,,,,,,,,,,,,,,,,,,,,,,,,,f,0.371135,0,38,38,38,1,trainingaudio/08_tipako2.wav,trainingaudio/08_tipako1.wav,pngimages/08_bell.png,1,,,,,,,,,,,,,,,,,,,,,,,,,,,,,,,,,
,,,,,,,,,,,,,,,test,001,2020-08-08_11h15.29.823,condition1,2020.1.3,Win32,60,,,,,,,,,,,,,,,,,,,,,,,,,j,0.06408,0,39,39,39,1,trainingaudio/26_kapako3.wav,trainingaudio/26_kapako1.wav,pngimages/26_pineapple.png,2,,,,,,,,,,,,,,,,,,,,,,,,,,,,,,,,,
,,,,,,,,,,,,,,,test,001,2020-08-08_11h15.29.823,condition1,2020.1.3,Win32,60,,,,,,,,,,,,,,,,,,,,,,,,,f,0.615185,0,40,40,40,1,trainingaudio/07_pitapi1.wav,trainingaudio/07_pitapi2.wav,pngimages/07_suitcase.png,2,,,,,,,,,,,,,,,,,,,,,,,,,,,,,,,,,
,,,,,,,,,,,,,,,test,001,2020-08-08_11h15.29.823,condition1,2020.1.3,Win32,60,,,,,,,,,,,,,,,,,,,,,,,,,j,0.382635,0,41,41,41,1,trainingaudio/27_pakapa1.wav,trainingaudio/27_pakapa2.wav,pngimages/27_kiwi.png,1,,,,,,,,,,,,,,,,,,,,,,,,,,,,,,,,,
,,,,,,,,,,,,,,,test,001,2020-08-08_11h15.29.823,condition1,2020.1.3,Win32,60,,,,,,,,,,,,,,,,,,,,,,,,,j,0.073595,0,42,42,42,1,trainingaudio/02_pitito3.wav,trainingaudio/02_pitito1.wav,pngimages/02_pallet.png,1,,,,,,,,,,,,,,,,,,,,,,,,,,,,,,,,,
,,,,,,,,,,,,,,,test,001,2020-08-08_11h15.29.823,condition1,2020.1.3,Win32,60,,,,,,,,,,,,,,,,,,,,,,,,,j,0.174315,0,43,43,43,1,trainingaudio/11_tokiko1.wav,trainingaudio/11_tokiko2.wav,pngimages/11_compass.png,1,,,,,,,,,,,,,,,,,,,,,,,,,,,,,,,,,
,,,,,,,,,,,,,,,test,001,2020-08-08_11h15.29.823,condition1,2020.1.3,Win32,60,,,,,,,,,,,,,,,,,,,,,,,,,f,1.19542,0,44,44,44,1,trainingaudio/03_kikita2.wav,trainingaudio/03_kikita3.wav,pngimages/03_box.png,2,,,,,,,,,,,,,,,,,,,,,,,,,,,,,,,,,
,,,,,,,,,,,,,,,test,001,2020-08-08_11h15.29.823,condition1,2020.1.3,Win32,60,,,,,,,,,,,,,,,,,,,,,,,,,j,0.16906,0,45,45,45,1,trainingaudio/15_kopota3.wav,trainingaudio/15_kopota2.wav,pngimages/15_barrel.png,1,,,,,,,,,,,,,,,,,,,,,,,,,,,,,,,,,
,,,,,,,,,,,,,,,test,001,2020-08-08_11h15.29.823,condition1,2020.1.3,Win32,60,,,,,,,,,,,,,,,,,,,,,,,,,j,0.112885,0,46,46,46,1,trainingaudio/12_pokika3.wav,trainingaudio/12_pokika2.wav,pngimages/12_pie.png,1,,,,,,,,,,,,,,,,,,,,,,,,,,,,,,,,,
,,,,,,,,,,,,,,,test,001,2020-08-08_11h15.29.823,condition1,2020.1.3,Win32,60,,,,,,,,,,,,,,,,,,,,,,,,,j,3.13673,0,47,47,47,1,trainingaudio/04_kitoti1.wav,trainingaudio/04_kitoti2.wav,pngimages/04_ladder.png,2,,,,,,,,,,,,,,,,,,,,,,,,,,,,,,,,,
,,,,,,,,,,,,,,,test,001,2020-08-08_11h15.29.823,condition1,2020.1.3,Win32,60,,,,,,,,,,,,,,,,,,,,,,,,,,,0,48,48,48,1,trainingaudio/10_tokiti1.wav,trainingaudio/10_tokiti3.wav,pngimages/10_backpack.png,1,,,,,,,,,,,,,,,,,,,,,,,,,,,,,,,,,
,,,,,,,,,,,,,,,test,001,2020-08-08_11h15.29.823,condition1,2020.1.3,Win32,60,,,,,,,,,,,,,,,,,,,,,,,,,,,0,49,49,49,1,trainingaudio/24_takopa2.wav,trainingaudio/24_takopa1.wav,pngimages/24_banana.png,2,,,,,,,,,,,,,,,,,,,,,,,,,,,,,,,,,
,,,,,,,,,,,,,,,test,001,2020-08-08_11h15.29.823,condition1,2020.1.3,Win32,60,,,,,,,,,,,,,,,,,,,,,,,,,j,1.51715,0,50,50,50,1,trainingaudio/01_kitipi2.wav,trainingaudio/01_kitipi1.wav,pngimages/01_gift.png,2,,,,,,,,,,,,,,,,,,,,,,,,,,,,,,,,,
,,,,,,,,,,,,,,,test,001,2020-08-08_11h15.29.823,condition1,2020.1.3,Win32,60,,,,,,,,,,,,,,,,,,,,,,,,,j,0.264925,0,51,51,51,1,trainingaudio/19_papipi2.wav,trainingaudio/19_papipi1.wav,pngimages/19_burger.png,2,,,,,,,,,,,,,,,,,,,,,,,,,,,,,,,,,
,,,,,,,,,,,,,,,test,001,2020-08-08_11h15.29.823,condition1,2020.1.3,Win32,60,,,,,,,,,,,,,,,,,,,,,,,,,f,0.640765,0,52,52,52,1,trainingaudio/13_kopopi2.wav,trainingaudio/13_kopopi1.wav,pngimages/13_toast.png,2,,,,,,,,,,,,,,,,,,,,,,,,,,,,,,,,,
,,,,,,,,,,,,,,,test,001,2020-08-08_11h15.29.823,condition1,2020.1.3,Win32,60,,,,,,,,,,,,,,,,,,,,,,,,,j,0.317445,0,53,53,53,1,trainingaudio/21_papika3.wav,trainingaudio/21_papika1.wav,pngimages/21_cheese.png,2,,,,,,,,,,,,,,,,,,,,,,,,,,,,,,,,,
,,,,,,,,,,,,,,,test,001,2020-08-08_11h15.29.823,condition1,2020.1.3,Win32,60,,,,,,,,,,,,,,,,,,,,,,,,,f,0.2838,0,54,54,54,1,trainingaudio/09_tipata2.wav,trainingaudio/09_tipata3.wav,pngimages/09_plane.png,1,,,,,,,,,,,,,,,,,,,,,,,,,,,,,,,,,
,,,,,,,,,,,,,,,test,001,2020-08-08_11h15.29.823,condition1,2020.1.3,Win32,60,,,,,,,,,,,,,,,,,,,,,,,,,f,0.45571,0,55,55,55,1,trainingaudio/94_kipipi1.wav,trainingaudio/94_kipipi2.wav,pngimages/94_house.png,1,,,,,,,,,,,,,,,,,,,,,,,,,,,,,,,,,
,,,,,,,,,,,,,,,test,001,2020-08-08_11h15.29.823,condition1,2020.1.3,Win32,60,,,,,,,,,,,,,,,,,,,,,,,,,,,,,,,,novelaudio/64_popiti1.wav,novelaudio/64_popiti2.wav,pngimages/64_shovel.png,1,f,2.399105,f,0.49608,0,0,0,0,1,,,,,,,,,,,,,,,,,,,,,,,,
,,,,,,,,,,,,,,,test,001,2020-08-08_11h15.29.823,condition1,2020.1.3,Win32,60,,,,,,,,,,,,,,,,,,,,,,,,,,,,,,,,novelaudio/75_kakita2.wav,novelaudio/75_kakita1.wav,pngimages/75_chicken.png,2,,,j,0.28986,0,1,1,1,1,,,,,,,,,,,,,,,,,,,,,,,,
,,,,,,,,,,,,,,,test,001,2020-08-08_11h15.29.823,condition1,2020.1.3,Win32,60,,,,,,,,,,,,,,,,,,,,,,,,,,,,,,,,novelaudio/71_kotato1.wav,novelaudio/71_kotato2.wav,pngimages/71_eye.png,2,,,j,1.96474,0,2,2,2,1,,,,,,,,,,,,,,,,,,,,,,,,
,,,,,,,,,,,,,,,test,001,2020-08-08_11h15.29.823,condition1,2020.1.3,Win32,60,,,,,,,,,,,,,,,,,,,,,,,,,,,,,,,,novelaudio/42_tokota2.wav,novelaudio/42_tokota3.wav,pngimages/42_harp.png,2,,,j,2.11115,0,3,3,3,1,,,,,,,,,,,,,,,,,,,,,,,,
,,,,,,,,,,,,,,,test,001,2020-08-08_11h15.29.823,condition1,2020.1.3,Win32,60,,,,,,,,,,,,,,,,,,,,,,,,,,,,,,,,novelaudio/38_kokiko3.wav,novelaudio/38_kokiko1.wav,pngimages/38_plate.png,2,,,j,0.51706,0,4,4,4,1,,,,,,,,,,,,,,,,,,,,,,,,
,,,,,,,,,,,,,,,test,001,2020-08-08_11h15.29.823,condition1,2020.1.3,Win32,60,,,,,,,,,,,,,,,,,,,,,,,,,,,,,,,,novelaudio/77_takopo1.wav,novelaudio/77_takopo3.wav,pngimages/77_bear.png,1,,,f,0.92889,0,5,5,5,1,,,,,,,,,,,,,,,,,,,,,,,,
,,,,,,,,,,,,,,,test,001,2020-08-08_11h15.29.823,condition1,2020.1.3,Win32,60,,,,,,,,,,,,,,,,,,,,,,,,,,,,,,,,novelaudio/47_takiko3.wav,novelaudio/47_takiko1.wav,pngimages/47_notebook.png,2,,,j,0.03093,0,6,6,6,1,,,,,,,,,,,,,,,,,,,,,,,,
,,,,,,,,,,,,,,,test,001,2020-08-08_11h15.29.823,condition1,2020.1.3,Win32,60,,,,,,,,,,,,,,,,,,,,,,,,,,,,,,,,novelaudio/60_pipopa2.wav,novelaudio/60_pipopa3.wav,pngimages/60_firewood.png,2,,,f,1.095465,0,7,7,7,1,,,,,,,,,,,,,,,,,,,,,,,,
,,,,,,,,,,,,,,,test,001,2020-08-08_11h15.29.823,condition1,2020.1.3,Win32,60,,,,,,,,,,,,,,,,,,,,,,,,,,,,,,,,novelaudio/41_pototo3.wav,novelaudio/41_pototo1.wav,pngimages/41_piano.png,2,,,j,2.40952,0,8,8,8,1,,,,,,,,,,,,,,,,,,,,,,,,
,,,,,,,,,,,,,,,test,001,2020-08-08_11h15.29.823,condition1,2020.1.3,Win32,60,,,,,,,,,,,,,,,,,,,,,,,,,,,,,,,,novelaudio/70_kopati2.wav,novelaudio/70_kopati1.wav,pngimages/70_hand.png,1,,,f,1.140355,0,9,9,9,1,,,,,,,,,,,,,,,,,,,,,,,,
,,,,,,,,,,,,,,,test,001,2020-08-08_11h15.29.823,condition1,2020.1.3,Win32,60,,,,,,,,,,,,,,,,,,,,,,,,,,,,,,,,novelaudio/62_pitako3.wav,novelaudio/62_pitako2.wav,pngimages/62_screwdriver.png,2,,,j,0.18231,0,10,10,10,1,,,,,,,,,,,,,,,,,,,,,,,,
,,,,,,,,,,,,,,,test,001,2020-08-08_11h15.29.823,condition1,2020.1.3,Win32,60,,,,,,,,,,,,,,,,,,,,,,,,,,,,,,,,novelaudio/58_kipoki1.wav,novelaudio/58_kipoki2.wav,pngimages/58_nail.png,2,,,j,1.959345,0,11,11,11,1,,,,,,,,,,,,,,,,,,,,,,,,
,,,,,,,,,,,,,,,test,001,2020-08-08_11h15.29.823,condition1,2020.1.3,Win32,60,,,,,,,,,,,,,,,,,,,,,,,,,,,,,,,,novelaudio/67_tokoki1.wav,novelaudio/67_tokoki2.wav,pngimages/67_laptop.png,1,,,j,0.65979,0,12,12,12,1,,,,,,,,,,,,,,,,,,,,,,,,
,,,,,,,,,,,,,,,test,001,2020-08-08_11h15.29.823,condition1,2020.1.3,Win32,60,,,,,,,,,,,,,,,,,,,,,,,,,,,,,,,,novelaudio/46_tapiti2.wav,novelaudio/46_tapiti1.wav,pngimages/46_paper.png,2,,,j,0.288135,0,13,13,13,1,,,,,,,,,,,,,,,,,,,,,,,,
,,,,,,,,,,,,,,,test,001,2020-08-08_11h15.29.823,condition1,2020.1.3,Win32,60,,,,,,,,,,,,,,,,,,,,,,,,,,,,,,,,novelaudio/51_tapopa3.wav,novelaudio/51_tapopa1.wav,pngimages/51_pencil.png,2,,,j,0.48202,0,14,14,14,1,,,,,,,,,,,,,,,,,,,,,,,,
,,,,,,,,,,,,,,,test,001,2020-08-08_11h15.29.823,condition1,2020.1.3,Win32,60,,,,,,,,,,,,,,,,,,,,,,,,,,,,,,,,novelaudio/33_tipoka3.wav,novelaudio/33_tipoka2.wav,pngimages/33_watermelon.png,1,,,j,0.303215,0,15,15,15,1,,,,,,,,,,,,,,,,,,,,,,,,
,,,,,,,,,,,,,,,test,001,2020-08-08_11h15.29.823,condition1,2020.1.3,Win32,60,,,,,,,,,,,,,,,,,,,,,,,,,,,,,,,,novelaudio/40_kototi1.wav,novelaudio/40_kototi3.wav,pngimages/40_spoon.png,1,,,f,0.444555,0,16,16,16,1,,,,,,,,,,,,,,,,,,,,,,,,
,,,,,,,,,,,,,,,test,001,2020-08-08_11h15.29.823,condition1,2020.1.3,Win32,60,,,,,,,,,,,,,,,,,,,,,,,,,,,,,,,,novelaudio/65_totipo2.wav,novelaudio/65_totipo1.wav,pngimages/65_wrench.png,2,,,j,0.23213,0,17,17,17,1,,,,,,,,,,,,,,,,,,,,,,,,
,,,,,,,,,,,,,,,test,001,2020-08-08_11h15.29.823,condition1,2020.1.3,Win32,60,,,,,,,,,,,,,,,,,,,,,,,,,,,,,,,,novelaudio/49_tatopi2.wav,novelaudio/49_tatopi1.wav,pngimages/49_calculator.png,2,,,j,2.08911,0,18,18,18,1,,,,,,,,,,,,,,,,,,,,,,,,
,,,,,,,,,,,,,,,test,001,2020-08-08_11h15.29.823,condition1,2020.1.3,Win32,60,,,,,,,,,,,,,,,,,,,,,,,,,,,,,,,,novelaudio/59_tipoko1.wav,novelaudio/59_tipoko2.wav,pngimages/59_umbrella.png,2,,,f,0.647415,0,19,19,19,1,,,,,,,,,,,,,,,,,,,,,,,,
,,,,,,,,,,,,,,,test,001,2020-08-08_11h15.29.823,condition1,2020.1.3,Win32,60,,,,,,,,,,,,,,,,,,,,,,,,,,,,,,,,novelaudio/54_kapapa1.wav,novelaudio/54_kapapa2.wav,pngimages/54_toiletpaper.png,1,,,f,1.159955,0,20,20,20,1,,,,,,,,,,,,,,,,,,,,,,,,
,,,,,,,,,,,,,,,test,001,2020-08-08_11h15.29.823,condition1,2020.1.3,Win32,60,,,,,,,,,,,,,,,,,,,,,,,,,,,,,,,,novelaudio/72_topata2.wav,novelaudio/72_topata3.wav,pngimages/72_nose.png,1,,,f,0.227105,0,21,21,21,1,,,,,,,,,,,,,,,,,,,,,,,,
,,,,,,,,,,,,,,,test,001,2020-08-08_11h15.29.823,condition1,2020.1.3,Win32,60,,,,,,,,,,,,,,,,,,,,,,,,,,,,,,,,novelaudio/79_katapi2.wav,novelaudio/79_katapi1.wav,pngimages/79_pig.png,2,,,j,0.2796,0,22,22,22,1,,,,,,,,,,,,,,,,,,,,,,,,
,,,,,,,,,,,,,,,test,001,2020-08-08_11h15.29.823,condition1,2020.1.3,Win32,60,,,,,,,,,,,,,,,,,,,,,,,,,,,,,,,,novelaudio/31_kikopi3.wav,novelaudio/31_kikopi2.wav,pngimages/31_tomato.png,2,,,j,3.234945,0,23,23,23,1,,,,,,,,,,,,,,,,,,,,,,,,
,,,,,,,,,,,,,,,test,001,2020-08-08_11h15.29.823,condition1,2020.1.3,Win32,60,,,,,,,,,,,,,,,,,,,,,,,,,,,,,,,,novelaudio/73_takiti1.wav,novelaudio/73_takiti3.wav,pngimages/73_car.png,1,,,f,0.25796,0,24,24,24,1,,,,,,,,,,,,,,,,,,,,,,,,
,,,,,,,,,,,,,,,test,001,2020-08-08_11h15.29.823,condition1,2020.1.3,Win32,60,,,,,,,,,,,,,,,,,,,,,,,,,,,,,,,,novelaudio/30_tikipa2.wav,novelaudio/30_tikipa3.wav,pngimages/30_mushroom.png,2,,,j,2.68616,0,25,25,25,1,,,,,,,,,,,,,,,,,,,,,,,,
,,,,,,,,,,,,,,,test,001,2020-08-08_11h15.29.823,condition1,2020.1.3,Win32,60,,,,,,,,,,,,,,,,,,,,,,,,,,,,,,,,novelaudio/36_pipapa3.wav,novelaudio/36_pipapa2.wav,pngimages/36_microwave.png,2,,,f,1.79091,0,26,26,26,1,,,,,,,,,,,,,,,,,,,,,,,,
,,,,,,,,,,,,,,,test,001,2020-08-08_11h15.29.823,condition1,2020.1.3,Win32,60,,,,,,,,,,,,,,,,,,,,,,,,,,,,,,,,novelaudio/44_pokato2.wav,novelaudio/44_pokato1.wav,pngimages/44_envelope.png,1,,,f,2.091705,0,27,27,27,1,,,,,,,,,,,,,,,,,,,,,,,,
,,,,,,,,,,,,,,,test,001,2020-08-08_11h15.29.823,condition1,2020.1.3,Win32,60,,,,,,,,,,,,,,,,,,,,,,,,,,,,,,,,novelaudio/35_titato2.wav,novelaudio/35_titato3.wav,pngimages/35_skillet.png,1,,,f,0.21393,0,28,28,28,1,,,,,,,,,,,,,,,,,,,,,,,,
,,,,,,,,,,,,,,,test,001,2020-08-08_11h15.29.823,condition1,2020.1.3,Win32,60,,,,,,,,,,,,,,,,,,,,,,,,,,,,,,,,novelaudio/32_kipoto1.wav,novelaudio/32_kipoto2.wav,pngimages/32_greenpepper.png,2,,,j,0.124085,0,29,29,29,1,,,,,,,,,,,,,,,,,,,,,,,,
,,,,,,,,,,,,,,,test,001,2020-08-08_11h15.29.823,condition1,2020.1.3,Win32,60,,,,,,,,,,,,,,,,,,,,,,,,,,,,,,,,novelaudio/29_pipito2.wav,novelaudio/29_pipito3.wav,pngimages/29_cherry.png,2,,,j,1.43531,0,30,30,30,1,,,,,,,,,,,,,,,,,,,,,,,,
,,,,,,,,,,,,,,,test,001,2020-08-08_11h15.29.823,condition1,2020.1.3,Win32,60,,,,,,,,,,,,,,,,,,,,,,,,,,,,,,,,novelaudio/48_pakipa1.wav,novelaudio/48_pakipa3.wav,pngimages/48_brush.png,1,,,f,4.13596,0,31,31,31,1,,,,,,,,,,,,,,,,,,,,,,,,
,,,,,,,,,,,,,,,test,001,2020-08-08_11h15.29.823,condition1,2020.1.3,Win32,60,,,,,,,,,,,,,,,,,,,,,,,,,,,,,,,,novelaudio/34_kipaki2.wav,novelaudio/34_kipaki3.wav,pngimages/34_knife.png,1,,,,,0,32,32,32,1,,,,,,,,,,,,,,,,,,,,,,,,
,,,,,,,,,,,,,,,test,001,2020-08-08_11h15.29.823,condition1,2020.1.3,Win32,60,,,,,,,,,,,,,,,,,,,,,,,,,,,,,,,,novelaudio/37_kokiti1.wav,novelaudio/37_kokiti2.wav,pngimages/37_mug.png,1,,,j,0.663615,0,33,33,33,1,,,,,,,,,,,,,,,,,,,,,,,,
,,,,,,,,,,,,,,,test,001,2020-08-08_11h15.29.823,condition1,2020.1.3,Win32,60,,,,,,,,,,,,,,,,,,,,,,,,,,,,,,,,novelaudio/50_katoko1.wav,novelaudio/50_katoko3.wav,pngimages/50_ruler.png,1,,,f,3.02304,0,34,34,34,1,,,,,,,,,,,,,,,,,,,,,,,,
,,,,,,,,,,,,,,,test,001,2020-08-08_11h15.29.823,condition1,2020.1.3,Win32,60,,,,,,,,,,,,,,,,,,,,,,,,,,,,,,,,novelaudio/74_tatiko1.wav,novelaudio/74_tatiko2.wav,pngimages/74_boat.png,1,,,f,0.446755,0,35,35,35,1,,,,,,,,,,,,,,,,,,,,,,,,
,,,,,,,,,,,,,,,test,001,2020-08-08_11h15.29.823,condition1,2020.1.3,Win32,60,,,,,,,,,,,,,,,,,,,,,,,,,,,,,,,,novelaudio/43_potaki2.wav,novelaudio/43_potaki1.wav,pngimages/43_guitar.png,1,,,f,1.461565,0,36,36,36,1,,,,,,,,,,,,,,,,,,,,,,,,
,,,,,,,,,,,,,,,test,001,2020-08-08_11h15.29.823,condition1,2020.1.3,Win32,60,,,,,,,,,,,,,,,,,,,,,,,,,,,,,,,,novelaudio/66_kopipa2.wav,novelaudio/66_kopipa3.wav,pngimages/66_safe.png,2,,,j,3.83814,0,37,37,37,1,,,,,,,,,,,,,,,,,,,,,,,,
,,,,,,,,,,,,,,,test,001,2020-08-08_11h15.29.823,condition1,2020.1.3,Win32,60,,,,,,,,,,,,,,,,,,,,,,,,,,,,,,,,novelaudio/68_pokopo2.wav,novelaudio/68_pokopo1.wav,pngimages/68_heart.png,2,,,j,0.855605,0,38,38,38,1,,,,,,,,,,,,,,,,,,,,,,,,
,,,,,,,,,,,,,,,test,001,2020-08-08_11h15.29.823,condition1,2020.1.3,Win32,60,,,,,,,,,,,,,,,,,,,,,,,,,,,,,,,,novelaudio/80_tatato1.wav,novelaudio/80_tatato2.wav,pngimages/80_dog.png,1,,,f,0.80509,0,39,39,39,1,,,,,,,,,,,,,,,,,,,,,,,,
,,,,,,,,,,,,,,,test,001,2020-08-08_11h15.29.823,condition1,2020.1.3,Win32,60,,,,,,,,,,,,,,,,,,,,,,,,,,,,,,,,novelaudio/56_pipiko3.wav,novelaudio/56_pipiko2.wav,pngimages/56_towel.png,1,,,j,0.217945,0,40,40,40,1,,,,,,,,,,,,,,,,,,,,,,,,
,,,,,,,,,,,,,,,test,001,2020-08-08_11h15.29.823,condition1,2020.1.3,Win32,60,,,,,,,,,,,,,,,,,,,,,,,,,,,,,,,,novelaudio/76_patoti1.wav,novelaudio/76_patoti3.wav,pngimages/76_rabbit.png,1,,,f,0.280315,0,41,41,41,1,,,,,,,,,,,,,,,,,,,,,,,,
,,,,,,,,,,,,,,,test,001,2020-08-08_11h15.29.823,condition1,2020.1.3,Win32,60,,,,,,,,,,,,,,,,,,,,,,,,,,,,,,,,novelaudio/69_kotota3.wav,novelaudio/69_kotota1.wav,pngimages/69_tooth.png,1,,,f,0.364835,0,42,42,42,1,,,,,,,,,,,,,,,,,,,,,,,,
,,,,,,,,,,,,,,,test,001,2020-08-08_11h15.29.823,condition1,2020.1.3,Win32,60,,,,,,,,,,,,,,,,,,,,,,,,,,,,,,,,novelaudio/78_kakoka1.wav,novelaudio/78_kakoka3.wav,pngimages/78_cow.png,1,,,f,0.04907,0,43,43,43,1,,,,,,,,,,,,,,,,,,,,,,,,
,,,,,,,,,,,,,,,test,001,2020-08-08_11h15.29.823,condition1,2020.1.3,Win32,60,,,,,,,,,,,,,,,,,,,,,,,,,,,,,,,,novelaudio/81_kakapa1.wav,novelaudio/81_kakapa2.wav,pngimages/81_cat.png,1,,,f,0.249165,0,44,44,44,1,,,,,,,,,,,,,,,,,,,,,,,,
,,,,,,,,,,,,,,,test,001,2020-08-08_11h15.29.823,condition1,2020.1.3,Win32,60,,,,,,,,,,,,,,,,,,,,,,,,,,,,,,,,novelaudio/28_pipiki1.wav,novelaudio/28_pipiki3.wav,pngimages/28_grape.png,1,,,f,0.77601,0,45,45,45,1,,,,,,,,,,,,,,,,,,,,,,,,
,,,,,,,,,,,,,,,test,001,2020-08-08_11h15.29.823,condition1,2020.1.3,Win32,60,,,,,,,,,,,,,,,,,,,,,,,,,,,,,,,,novelaudio/45_totaka3.wav,novelaudio/45_totaka2.wav,pngimages/45_scissors.png,2,,,j,0.94081,0,46,46,46,1,,,,,,,,,,,,,,,,,,,,,,,,
,,,,,,,,,,,,,,,test,001,2020-08-08_11h15.29.823,condition1,2020.1.3,Win32,60,,,,,,,,,,,,,,,,,,,,,,,,,,,,,,,,novelaudio/39_kotipa2.wav,novelaudio/39_kotipa3.wav,pngimages/39_fork.png,2,,,j,0.44396,0,47,47,47,1,,,,,,,,,,,,,,,,,,,,,,,,
,,,,,,,,,,,,,,,test,001,2020-08-08_11h15.29.823,condition1,2020.1.3,Win32,60,,,,,,,,,,,,,,,,,,,,,,,,,,,,,,,,novelaudio/55_pikiki3.wav,novelaudio/55_pikiki1.wav,pngimages/55_toilet.png,2,,,f,0.548745,0,48,48,48,1,,,,,,,,,,,,,,,,,,,,,,,,
,,,,,,,,,,,,,,,test,001,2020-08-08_11h15.29.823,condition1,2020.1.3,Win32,60,,,,,,,,,,,,,,,,,,,,,,,,,,,,,,,,novelaudio/63_pitapa2.wav,novelaudio/63_pitapa3.wav,pngimages/63_chair.png,1,,,j,0.3949,0,49,49,49,1,,,,,,,,,,,,,,,,,,,,,,,,
,,,,,,,,,,,,,,,test,001,2020-08-08_11h15.29.823,condition1,2020.1.3,Win32,60,,,,,,,,,,,,,,,,,,,,,,,,,,,,,,,,novelaudio/61_pikati2.wav,novelaudio/61_pikati1.wav,pngimages/61_key.png,1,,,f,0.64743,0,50,50,50,1,,,,,,,,,,,,,,,,,,,,,,,,
,,,,,,,,,,,,,,,test,001,2020-08-08_11h15.29.823,condition1,2020.1.3,Win32,60,,,,,,,,,,,,,,,,,,,,,,,,,,,,,,,,novelaudio/53_patapo1.wav,novelaudio/53_patapo2.wav,pngimages/53_hammer.png,1,,,f,3.29609,0,51,51,51,1,,,,,,,,,,,,,,,,,,,,,,,,
,,,,,,,,,,,,,,,test,001,2020-08-08_11h15.29.823,condition1,2020.1.3,Win32,60,,,,,,,,,,,,,,,,,,,,,,,,,,,,,,,,novelaudio/52_pakaki2.wav,novelaudio/52_pakaki1.wav,pngimages/52_newspaper.png,2,,,j,0.32283,0,52,52,52,1,,,,,,,,,,,,,,,,,,,,,,,,
,,,,,,,,,,,,,,,test,001,2020-08-08_11h15.29.823,condition1,2020.1.3,Win32,60,,,,,,,,,,,,,,,,,,,,,,,,,,,,,,,,novelaudio/57_tipipa3.wav,novelaudio/57_tipipa1.wav,pngimages/57_flashlight.png,1,,,j,2.247795,0,53,53,53,1,,,,,,,,,,,,,,,,,,,,,,,,
,,,,,,,,,,,,,,,test,001,2020-08-08_11h15.29.823,condition1,2020.1.3,Win32,60,,,,,,,,,,,,,,,,,,,,,,,,,,,,,,,,novelaudio/71_kotato2.wav,novelaudio/71_kotato3.wav,pngimages/71_eye.png,1,,,,,,,,,,j,3.90024,f,1.995655,0,0,0,0,1,,,,,,,,,,,,,,,
,,,,,,,,,,,,,,,test,001,2020-08-08_11h15.29.823,condition1,2020.1.3,Win32,60,,,,,,,,,,,,,,,,,,,,,,,,,,,,,,,,novelaudio/74_tatiko1.wav,novelaudio/74_tatiko3.wav,pngimages/74_boat.png,1,,,,,,,,,,,,f,0.231135,0,1,1,1,1,,,,,,,,,,,,,,,
,,,,,,,,,,,,,,,test,001,2020-08-08_11h15.29.823,condition1,2020.1.3,Win32,60,,,,,,,,,,,,,,,,,,,,,,,,,,,,,,,,novelaudio/44_pokato3.wav,novelaudio/44_pokato2.wav,pngimages/44_envelope.png,2,,,,,,,,,,,,j,0.838165,0,2,2,2,1,,,,,,,,,,,,,,,
,,,,,,,,,,,,,,,test,001,2020-08-08_11h15.29.823,condition1,2020.1.3,Win32,60,,,,,,,,,,,,,,,,,,,,,,,,,,,,,,,,novelaudio/53_patapo3.wav,novelaudio/53_patapo1.wav,pngimages/53_hammer.png,2,,,,,,,,,,,,j,0.187645,0,3,3,3,1,,,,,,,,,,,,,,,
,,,,,,,,,,,,,,,test,001,2020-08-08_11h15.29.823,condition1,2020.1.3,Win32,60,,,,,,,,,,,,,,,,,,,,,,,,,,,,,,,,novelaudio/41_pototo1.wav,novelaudio/41_pototo3.wav,pngimages/41_piano.png,1,,,,,,,,,,,,f,0.138905,0,4,4,4,1,,,,,,,,,,,,,,,
,,,,,,,,,,,,,,,test,001,2020-08-08_11h15.29.823,condition1,2020.1.3,Win32,60,,,,,,,,,,,,,,,,,,,,,,,,,,,,,,,,novelaudio/33_tipoka2.wav,novelaudio/33_tipoka3.wav,pngimages/33_watermelon.png,2,,,,,,,,,,,,j,0.069775,0,5,5,5,1,,,,,,,,,,,,,,,
,,,,,,,,,,,,,,,test,001,2020-08-08_11h15.29.823,condition1,2020.1.3,Win32,60,,,,,,,,,,,,,,,,,,,,,,,,,,,,,,,,novelaudio/79_katapi1.wav,novelaudio/79_katapi3.wav,pngimages/79_pig.png,1,,,,,,,,,,,,f,0.40571,0,6,6,6,1,,,,,,,,,,,,,,,
,,,,,,,,,,,,,,,test,001,2020-08-08_11h15.29.823,condition1,2020.1.3,Win32,60,,,,,,,,,,,,,,,,,,,,,,,,,,,,,,,,novelaudio/76_patoti2.wav,novelaudio/76_patoti1.wav,pngimages/76_rabbit.png,2,,,,,,,,,,,,j,0.54878,0,7,7,7,1,,,,,,,,,,,,,,,
,,,,,,,,,,,,,,,test,001,2020-08-08_11h15.29.823,condition1,2020.1.3,Win32,60,,,,,,,,,,,,,,,,,,,,,,,,,,,,,,,,novelaudio/81_kakapa1.wav,novelaudio/81_kakapa2.wav,pngimages/81_cat.png,1,,,,,,,,,,,,f,0.966575,0,8,8,8,1,,,,,,,,,,,,,,,
,,,,,,,,,,,,,,,test,001,2020-08-08_11h15.29.823,condition1,2020.1.3,Win32,60,,,,,,,,,,,,,,,,,,,,,,,,,,,,,,,,novelaudio/65_totipo3.wav,novelaudio/65_totipo1.wav,pngimages/65_wrench.png,2,,,,,,,,,,,,f,0.15555,0,9,9,9,1,,,,,,,,,,,,,,,
,,,,,,,,,,,,,,,test,001,2020-08-08_11h15.29.823,condition1,2020.1.3,Win32,60,,,,,,,,,,,,,,,,,,,,,,,,,,,,,,,,novelaudio/64_popiti3.wav,novelaudio/64_popiti1.wav,pngimages/64_shovel.png,2,,,,,,,,,,,,j,0.396335,0,10,10,10,1,,,,,,,,,,,,,,,
,,,,,,,,,,,,,,,test,001,2020-08-08_11h15.29.823,condition1,2020.1.3,Win32,60,,,,,,,,,,,,,,,,,,,,,,,,,,,,,,,,novelaudio/47_takiko3.wav,novelaudio/47_takiko1.wav,pngimages/47_notebook.png,2,,,,,,,,,,,,j,1.291785,0,11,11,11,1,,,,,,,,,,,,,,,
,,,,,,,,,,,,,,,test,001,2020-08-08_11h15.29.823,condition1,2020.1.3,Win32,60,,,,,,,,,,,,,,,,,,,,,,,,,,,,,,,,novelaudio/73_takiti1.wav,novelaudio/73_takiti2.wav,pngimages/73_car.png,1,,,,,,,,,,,,f,0.28405,0,12,12,12,1,,,,,,,,,,,,,,,
,,,,,,,,,,,,,,,test,001,2020-08-08_11h15.29.823,condition1,2020.1.3,Win32,60,,,,,,,,,,,,,,,,,,,,,,,,,,,,,,,,novelaudio/61_pikati2.wav,novelaudio/61_pikati3.wav,pngimages/61_key.png,1,,,,,,,,,,,,j,0.276165,0,13,13,13,1,,,,,,,,,,,,,,,
,,,,,,,,,,,,,,,test,001,2020-08-08_11h15.29.823,condition1,2020.1.3,Win32,60,,,,,,,,,,,,,,,,,,,,,,,,,,,,,,,,novelaudio/69_kotota2.wav,novelaudio/69_kotota3.wav,pngimages/69_tooth.png,2,,,,,,,,,,,,j,1.913185,0,14,14,14,1,,,,,,,,,,,,,,,
,,,,,,,,,,,,,,,test,001,2020-08-08_11h15.29.823,condition1,2020.1.3,Win32,60,,,,,,,,,,,,,,,,,,,,,,,,,,,,,,,,novelaudio/56_pipiko3.wav,novelaudio/56_pipiko2.wav,pngimages/56_towel.png,1,,,,,,,,,,,,f,1.062125,0,15,15,15,1,,,,,,,,,,,,,,,
,,,,,,,,,,,,,,,test,001,2020-08-08_11h15.29.823,condition1,2020.1.3,Win32,60,,,,,,,,,,,,,,,,,,,,,,,,,,,,,,,,novelaudio/59_tipoko2.wav,novelaudio/59_tipoko1.wav,pngimages/59_umbrella.png,1,,,,,,,,,,,,f,0.53322,0,16,16,16,1,,,,,,,,,,,,,,,
,,,,,,,,,,,,,,,test,001,2020-08-08_11h15.29.823,condition1,2020.1.3,Win32,60,,,,,,,,,,,,,,,,,,,,,,,,,,,,,,,,novelaudio/34_kipaki2.wav,novelaudio/34_kipaki3.wav,pngimages/34_knife.png,1,,,,,,,,,,,,f,0.354045,0,17,17,17,1,,,,,,,,,,,,,,,
,,,,,,,,,,,,,,,test,001,2020-08-08_11h15.29.823,condition1,2020.1.3,Win32,60,,,,,,,,,,,,,,,,,,,,,,,,,,,,,,,,novelaudio/63_pitapa3.wav,novelaudio/63_pitapa2.wav,pngimages/63_chair.png,2,,,,,,,,,,,,f,1.32463,0,18,18,18,1,,,,,,,,,,,,,,,
,,,,,,,,,,,,,,,test,001,2020-08-08_11h15.29.823,condition1,2020.1.3,Win32,60,,,,,,,,,,,,,,,,,,,,,,,,,,,,,,,,novelaudio/67_tokoki1.wav,novelaudio/67_tokoki3.wav,pngimages/67_laptop.png,1,,,,,,,,,,,,j,2.250295,0,19,19,19,1,,,,,,,,,,,,,,,
,,,,,,,,,,,,,,,test,001,2020-08-08_11h15.29.823,condition1,2020.1.3,Win32,60,,,,,,,,,,,,,,,,,,,,,,,,,,,,,,,,novelaudio/36_pipapa2.wav,novelaudio/36_pipapa1.wav,pngimages/36_microwave.png,1,,,,,,,,,,,,f,0.470095,0,20,20,20,1,,,,,,,,,,,,,,,
,,,,,,,,,,,,,,,test,001,2020-08-08_11h15.29.823,condition1,2020.1.3,Win32,60,,,,,,,,,,,,,,,,,,,,,,,,,,,,,,,,novelaudio/35_titato1.wav,novelaudio/35_titato2.wav,pngimages/35_skillet.png,2,,,,,,,,,,,,f,1.906785,0,21,21,21,1,,,,,,,,,,,,,,,
,,,,,,,,,,,,,,,test,001,2020-08-08_11h15.29.823,condition1,2020.1.3,Win32,60,,,,,,,,,,,,,,,,,,,,,,,,,,,,,,,,novelaudio/37_kokiti3.wav,novelaudio/37_kokiti1.wav,pngimages/37_mug.png,2,,,,,,,,,,,,j,3.050955,0,22,22,22,1,,,,,,,,,,,,,,,
,,,,,,,,,,,,,,,test,001,2020-08-08_11h15.29.823,condition1,2020.1.3,Win32,60,,,,,,,,,,,,,,,,,,,,,,,,,,,,,,,,novelaudio/60_pipopa3.wav,novelaudio/60_pipopa2.wav,pngimages/60_firewood.png,1,,,,,,,,,,,,f,0.054915,0,23,23,23,1,,,,,,,,,,,,,,,
,,,,,,,,,,,,,,,test,001,2020-08-08_11h15.29.823,condition1,2020.1.3,Win32,60,,,,,,,,,,,,,,,,,,,,,,,,,,,,,,,,novelaudio/62_pitako2.wav,novelaudio/62_pitako1.wav,pngimages/62_screwdriver.png,1,,,,,,,,,,,,f,0.086095,0,24,24,24,1,,,,,,,,,,,,,,,
,,,,,,,,,,,,,,,test,001,2020-08-08_11h15.29.823,condition1,2020.1.3,Win32,60,,,,,,,,,,,,,,,,,,,,,,,,,,,,,,,,novelaudio/49_tatopi3.wav,novelaudio/49_tatopi1.wav,pngimages/49_calculator.png,2,,,,,,,,,,,,j,0.28564,0,25,25,25,1,,,,,,,,,,,,,,,
,,,,,,,,,,,,,,,test,001,2020-08-08_11h15.29.823,condition1,2020.1.3,Win32,60,,,,,,,,,,,,,,,,,,,,,,,,,,,,,,,,novelaudio/68_pokopo2.wav,novelaudio/68_pokopo1.wav,pngimages/68_heart.png,2,,,,,,,,,,,,j,0.293115,0,26,26,26,1,,,,,,,,,,,,,,,
,,,,,,,,,,,,,,,test,001,2020-08-08_11h15.29.823,condition1,2020.1.3,Win32,60,,,,,,,,,,,,,,,,,,,,,,,,,,,,,,,,novelaudio/42_tokota3.wav,novelaudio/42_tokota1.wav,pngimages/42_harp.png,1,,,,,,,,,,,,f,0.21406,0,27,27,27,1,,,,,,,,,,,,,,,
,,,,,,,,,,,,,,,test,001,2020-08-08_11h15.29.823,condition1,2020.1.3,Win32,60,,,,,,,,,,,,,,,,,,,,,,,,,,,,,,,,novelaudio/77_takopo1.wav,novelaudio/77_takopo3.wav,pngimages/77_bear.png,1,,,,,,,,,,,,f,0.174405,0,28,28,28,1,,,,,,,,,,,,,,,
,,,,,,,,,,,,,,,test,001,2020-08-08_11h15.29.823,condition1,2020.1.3,Win32,60,,,,,,,,,,,,,,,,,,,,,,,,,,,,,,,,novelaudio/46_tapiti1.wav,novelaudio/46_tapiti3.wav,pngimages/46_paper.png,1,,,,,,,,,,,,f,0.68363,0,29,29,29,1,,,,,,,,,,,,,,,
,,,,,,,,,,,,,,,test,001,2020-08-08_11h15.29.823,condition1,2020.1.3,Win32,60,,,,,,,,,,,,,,,,,,,,,,,,,,,,,,,,novelaudio/72_topata2.wav,novelaudio/72_topata3.wav,pngimages/72_nose.png,1,,,,,,,,,,,,f,0.1119,0,30,30,30,1,,,,,,,,,,,,,,,
,,,,,,,,,,,,,,,test,001,2020-08-08_11h15.29.823,condition1,2020.1.3,Win32,60,,,,,,,,,,,,,,,,,,,,,,,,,,,,,,,,novelaudio/45_totaka1.wav,novelaudio/45_totaka2.wav,pngimages/45_scissors.png,2,,,,,,,,,,,,f,0.86638,0,31,31,31,1,,,,,,,,,,,,,,,
,,,,,,,,,,,,,,,test,001,2020-08-08_11h15.29.823,condition1,2020.1.3,Win32,60,,,,,,,,,,,,,,,,,,,,,,,,,,,,,,,,novelaudio/78_kakoka2.wav,novelaudio/78_kakoka1.wav,pngimages/78_cow.png,2,,,,,,,,,,,,j,0.42658,0,32,32,32,1,,,,,,,,,,,,,,,
,,,,,,,,,,,,,,,test,001,2020-08-08_11h15.29.823,condition1,2020.1.3,Win32,60,,,,,,,,,,,,,,,,,,,,,,,,,,,,,,,,novelaudio/70_kopati1.wav,novelaudio/70_kopati2.wav,pngimages/70_hand.png,2,,,,,,,,,,,,j,0.76873,0,33,33,33,1,,,,,,,,,,,,,,,
,,,,,,,,,,,,,,,test,001,2020-08-08_11h15.29.823,condition1,2020.1.3,Win32,60,,,,,,,,,,,,,,,,,,,,,,,,,,,,,,,,novelaudio/39_kotipa3.wav,novelaudio/39_kotipa2.wav,pngimages/39_fork.png,1,,,,,,,,,,,,f,0.368225,0,34,34,34,1,,,,,,,,,,,,,,,
,,,,,,,,,,,,,,,test,001,2020-08-08_11h15.29.823,condition1,2020.1.3,Win32,60,,,,,,,,,,,,,,,,,,,,,,,,,,,,,,,,novelaudio/57_tipipa1.wav,novelaudio/57_tipipa3.wav,pngimages/57_flashlight.png,2,,,,,,,,,,,,j,0.35155,0,35,35,35,1,,,,,,,,,,,,,,,
,,,,,,,,,,,,,,,test,001,2020-08-08_11h15.29.823,condition1,2020.1.3,Win32,60,,,,,,,,,,,,,,,,,,,,,,,,,,,,,,,,novelaudio/75_kakita3.wav,novelaudio/75_kakita1.wav,pngimages/75_chicken.png,2,,,,,,,,,,,,j,0.431935,0,36,36,36,1,,,,,,,,,,,,,,,
,,,,,,,,,,,,,,,test,001,2020-08-08_11h15.29.823,condition1,2020.1.3,Win32,60,,,,,,,,,,,,,,,,,,,,,,,,,,,,,,,,novelaudio/38_kokiko3.wav,novelaudio/38_kokiko1.wav,pngimages/38_plate.png,2,,,,,,,,,,,,j,0.215105,0,37,37,37,1,,,,,,,,,,,,,,,
,,,,,,,,,,,,,,,test,001,2020-08-08_11h15.29.823,condition1,2020.1.3,Win32,60,,,,,,,,,,,,,,,,,,,,,,,,,,,,,,,,novelaudio/31_kikopi1.wav,novelaudio/31_kikopi2.wav,pngimages/31_tomato.png,2,,,,,,,,,,,,f,0.600115,0,38,38,38,1,,,,,,,,,,,,,,,
,,,,,,,,,,,,,,,test,001,2020-08-08_11h15.29.823,condition1,2020.1.3,Win32,60,,,,,,,,,,,,,,,,,,,,,,,,,,,,,,,,novelaudio/28_pipiki2.wav,novelaudio/28_pipiki1.wav,pngimages/28_grape.png,2,,,,,,,,,,,,j,2.24459,0,39,39,39,1,,,,,,,,,,,,,,,
,,,,,,,,,,,,,,,test,001,2020-08-08_11h15.29.823,condition1,2020.1.3,Win32,60,,,,,,,,,,,,,,,,,,,,,,,,,,,,,,,,novelaudio/29_pipito1.wav,novelaudio/29_pipito3.wav,pngimages/29_cherry.png,2,,,,,,,,,,,,j,0.129835,0,40,40,40,1,,,,,,,,,,,,,,,
,,,,,,,,,,,,,,,test,001,2020-08-08_11h15.29.823,condition1,2020.1.3,Win32,60,,,,,,,,,,,,,,,,,,,,,,,,,,,,,,,,novelaudio/52_pakaki2.wav,novelaudio/52_pakaki1.wav,pngimages/52_newspaper.png,2,,,,,,,,,,,,j,0.28275,0,41,41,41,1,,,,,,,,,,,,,,,
,,,,,,,,,,,,,,,test,001,2020-08-08_11h15.29.823,condition1,2020.1.3,Win32,60,,,,,,,,,,,,,,,,,,,,,,,,,,,,,,,,novelaudio/48_pakipa1.wav,novelaudio/48_pakipa3.wav,pngimages/48_brush.png,1,,,,,,,,,,,,f,0.82533,0,42,42,42,1,,,,,,,,,,,,,,,
,,,,,,,,,,,,,,,test,001,2020-08-08_11h15.29.823,condition1,2020.1.3,Win32,60,,,,,,,,,,,,,,,,,,,,,,,,,,,,,,,,novelaudio/51_tapopa1.wav,novelaudio/51_tapopa2.wav,pngimages/51_pencil.png,1,,,,,,,,,,,,f,1.421085,0,43,43,43,1,,,,,,,,,,,,,,,
,,,,,,,,,,,,,,,test,001,2020-08-08_11h15.29.823,condition1,2020.1.3,Win32,60,,,,,,,,,,,,,,,,,,,,,,,,,,,,,,,,novelaudio/43_potaki1.wav,novelaudio/43_potaki2.wav,pngimages/43_guitar.png,2,,,,,,,,,,,,j,2.05759,0,44,44,44,1,,,,,,,,,,,,,,,
,,,,,,,,,,,,,,,test,001,2020-08-08_11h15.29.823,condition1,2020.1.3,Win32,60,,,,,,,,,,,,,,,,,,,,,,,,,,,,,,,,novelaudio/66_kopipa1.wav,novelaudio/66_kopipa3.wav,pngimages/66_safe.png,2,,,,,,,,,,,,j,2.293335,0,45,45,45,1,,,,,,,,,,,,,,,
,,,,,,,,,,,,,,,test,001,2020-08-08_11h15.29.823,condition1,2020.1.3,Win32,60,,,,,,,,,,,,,,,,,,,,,,,,,,,,,,,,novelaudio/55_pikiki3.wav,novelaudio/55_pikiki1.wav,pngimages/55_toilet.png,2,,,,,,,,,,,,j,0.31957,0,46,46,46,1,,,,,,,,,,,,,,,
,,,,,,,,,,,,,,,test,001,2020-08-08_11h15.29.823,condition1,2020.1.3,Win32,60,,,,,,,,,,,,,,,,,,,,,,,,,,,,,,,,novelaudio/32_kipoto3.wav,novelaudio/32_kipoto2.wav,pngimages/32_greenpepper.png,2,,,,,,,,,,,,j,1.714285,0,47,47,47,1,,,,,,,,,,,,,,,
,,,,,,,,,,,,,,,test,001,2020-08-08_11h15.29.823,condition1,2020.1.3,Win32,60,,,,,,,,,,,,,,,,,,,,,,,,,,,,,,,,novelaudio/50_katoko2.wav,novelaudio/50_katoko1.wav,pngimages/50_ruler.png,2,,,,,,,,,,,,j,0.227325,0,48,48,48,1,,,,,,,,,,,,,,,
,,,,,,,,,,,,,,,test,001,2020-08-08_11h15.29.823,condition1,2020.1.3,Win32,60,,,,,,,,,,,,,,,,,,,,,,,,,,,,,,,,novelaudio/80_tatato1.wav,novelaudio/80_tatato3.wav,pngimages/80_dog.png,1,,,,,,,,,,,,f,0.290985,0,49,49,49,1,,,,,,,,,,,,,,,
,,,,,,,,,,,,,,,test,001,2020-08-08_11h15.29.823,condition1,2020.1.3,Win32,60,,,,,,,,,,,,,,,,,,,,,,,,,,,,,,,,novelaudio/40_kototi3.wav,novelaudio/40_kototi1.wav,pngimages/40_spoon.png,2,,,,,,,,,,,,j,0.33885,0,50,50,50,1,,,,,,,,,,,,,,,
,,,,,,,,,,,,,,,test,001,2020-08-08_11h15.29.823,condition1,2020.1.3,Win32,60,,,,,,,,,,,,,,,,,,,,,,,,,,,,,,,,novelaudio/58_kipoki3.wav,novelaudio/58_kipoki2.wav,pngimages/58_nail.png,2,,,,,,,,,,,,j,1.61356,0,51,51,51,1,,,,,,,,,,,,,,,
,,,,,,,,,,,,,,,test,001,2020-08-08_11h15.29.823,condition1,2020.1.3,Win32,60,,,,,,,,,,,,,,,,,,,,,,,,,,,,,,,,novelaudio/54_kapapa2.wav,novelaudio/54_kapapa1.wav,pngimages/54_toiletpaper.png,2,,,,,,,,,,,,j,0.11508,0,52,52,52,1,,,,,,,,,,,,,,,
,,,,,,,,,,,,,,,test,001,2020-08-08_11h15.29.823,condition1,2020.1.3,Win32,60,,,,,,,,,,,,,,,,,,,,,,,,,,,,,,,,novelaudio/30_tikipa3.wav,novelaudio/30_tikipa2.wav,pngimages/30_mushroom.png,1,,,,,,,,,,,,f,1.95938,0,53,53,53,1,,,,,,,,,,,,,,,
,,,,,,,,,,,,,,,test,001,2020-08-08_11h15.29.823,condition1,2020.1.3,Win32,60,,,,,,,,,,,,,,,,,,,,,,,,,,,,,,,,,,,,,,,,,,,,,,,,,,,,,,f,1.5384,f,1.068895,0,0,0,0,1,postTest/82_tipiko1.wav,postTest/82_tipiko1.wav,postTest/82_tipiko3.wav,audioA,,
,,,,,,,,,,,,,,,test,001,2020-08-08_11h15.29.823,condition1,2020.1.3,Win32,60,,,,,,,,,,,,,,,,,,,,,,,,,,,,,,,,,,,,,,,,,,,,,,,,,,,,,,,,f,0.942465,0,1,1,1,1,postTest/83_pitita3.wav,postTest/83_pitita3.wav,postTest/83_pitita2.wav,audioA,,
,,,,,,,,,,,,,,,test,001,2020-08-08_11h15.29.823,condition1,2020.1.3,Win32,60,,,,,,,,,,,,,,,,,,,,,,,,,,,,,,,,,,,,,,,,,,,,,,,,,,,,,,,,j,1.292895,0,2,2,2,1,postTest/84_pitoka3.wav,postTest/84_pitoka1.wav,postTest/84_pitoka1.wav,audioB,,
,,,,,,,,,,,,,,,test,001,2020-08-08_11h15.29.823,condition1,2020.1.3,Win32,60,,,,,,,,,,,,,,,,,,,,,,,,,,,,,,,,,,,,,,,,,,,,,,,,,,,,,,,,f,0.8894,0,3,3,3,1,postTest/85_kipata2.wav,postTest/85_kipata2.wav,postTest/85_kipata3.wav,audioA,,
,,,,,,,,,,,,,,,test,001,2020-08-08_11h15.29.823,condition1,2020.1.3,Win32,60,,,,,,,,,,,,,,,,,,,,,,,,,,,,,,,,,,,,,,,,,,,,,,,,,,,,,,,,j,0.32584,0,4,4,4,1,postTest/86_totipa2.wav,postTest/86_totipa1.wav,postTest/86_totipa1.wav,audioB,,
,,,,,,,,,,,,,,,test,001,2020-08-08_11h15.29.823,condition1,2020.1.3,Win32,60,,,,,,,,,,,,,,,,,,,,,,,,,,,,,,,,,,,,,,,,,,,,,,,,,,,,,,,,j,0.22175,0,5,5,5,1,postTest/87_kopoko1.wav,postTest/87_kopoko3.wav,postTest/87_kopoko3.wav,audioB,,
,,,,,,,,,,,,,,,test,001,2020-08-08_11h15.29.823,condition1,2020.1.3,Win32,60,,,,,,,,,,,,,,,,,,,,,,,,,,,,,,,,,,,,,,,,,,,,,,,,,,,,,,,,f,0.24859,0,6,6,6,1,postTest/88_pokota2.wav,postTest/88_pokota2.wav,postTest/88_pokota1.wav,audioA,,
,,,,,,,,,,,,,,,test,001,2020-08-08_11h15.29.823,condition1,2020.1.3,Win32,60,,,,,,,,,,,,,,,,,,,,,,,,,,,,,,,,,,,,,,,,,,,,,,,,,,,,,,,,j,0.16933,0,7,7,7,1,postTest/89_totako3.wav,postTest/89_totako2.wav,postTest/89_totako2.wav,audioB,,
,,,,,,,,,,,,,,,test,001,2020-08-08_11h15.29.823,condition1,2020.1.3,Win32,60,,,,,,,,,,,,,,,,,,,,,,,,,,,,,,,,,,,,,,,,,,,,,,,,,,,,,,,,j,2.17121,0,8,8,8,1,postTest/90_papiki2.wav,postTest/90_papiki3.wav,postTest/90_papiki3.wav,audioB,,
,,,,,,,,,,,,,,,test,001,2020-08-08_11h15.29.823,condition1,2020.1.3,Win32,60,,,,,,,,,,,,,,,,,,,,,,,,,,,,,,,,,,,,,,,,,,,,,,,,,,,,,,,,f,0.08285,0,9,9,9,1,postTest/91_papipo1.wav,postTest/91_papipo1.wav,postTest/91_papipo2.wav,audioA,,
,,,,,,,,,,,,,,,test,001,2020-08-08_11h15.29.823,condition1,2020.1.3,Win32,60,,,,,,,,,,,,,,,,,,,,,,,,,,,,,,,,,,,,,,,,,,,,,,,,,,,,,,,,j,1.8233,0,10,10,10,1,postTest/92_katoki1.wav,postTest/92_katoki2.wav,postTest/92_katoki2.wav,audioB,,
,,,,,,,,,,,,,,,test,001,2020-08-08_11h15.29.823,condition1,2020.1.3,Win32,60,,,,,,,,,,,,,,,,,,,,,,,,,,,,,,,,,,,,,,,,,,,,,,,,,,,,,,,,f,0.26878,0,11,11,11,1,postTest/93_pakopa3.wav,postTest/93_pakopa3.wav,postTest/93_pakopa1.wav,audioA,,
,,,,,,,,,,,,,,,test,001,2020-08-08_11h15.29.823,condition1,2020.1.3,Win32,60,,,,,,,,,,,,,,,,,,,,,,,,,,,,,,,,,,,,,,,,,,,,,,,,,,,,,,,,,,,,,,,,,,,f,2.424915
